id_img,label
10052,angry
10065,sad
10079,angry
10095,neutral
10121,angry
10148,angry
10163,angry
10215,angry
1024,angry
10286,angry
10315,angry
10336,angry
10338,angry
10371,angry
10382,angry
10399,happy
10415,neutral
10426,angry
10551,fear
10554,angry
10583,neutral
10699,angry
10702,neutral
1071,angry
10743,angry
10746,neutral
10818,neutral
10823,neutral
10825,neutral
10839,angry
10854,angry
10970,neutral
11002,sad
11017,sad
11024,angry
11028,sad
1106,neutral
11075,angry
11093,angry
11096,surprise
11158,neutral
11169,angry
11186,angry
11188,angry
11200,sad
1124,disgust
11266,fear
1127,angry
11337,angry
11342,angry
11400,sad
11421,angry
11467,angry
11561,angry
11610,surprise
11613,surprise
11632,neutral
11642,angry
11675,angry
11694,angry
1177,angry
11813,angry
11841,angry
11849,angry
11883,angry
11949,angry
11964,sad
11986,angry
12136,neutral
12144,neutral
1215,neutral
12171,neutral
12183,angry
12230,angry
12237,disgust
12307,neutral
1235,angry
12352,neutral
12489,sad
12680,angry
12695,neutral
12733,angry
12808,angry
12810,angry
12841,angry
12842,angry
12851,angry
12928,angry
12945,angry
13029,angry
13041,angry
13057,surprise
13059,angry
13092,neutral
13118,angry
13167,angry
13220,neutral
13267,angry
13279,angry
13334,sad
13351,sad
13376,neutral
13395,sad
1340,angry
13431,neutral
1350,neutral
13514,sad
13533,angry
13535,angry
1358,angry
13582,fear
13599,neutral
13607,angry
13671,sad
13672,angry
13738,angry
13758,fear
1386,surprise
13890,neutral
13978,angry
14022,angry
14030,angry
14058,neutral
14108,angry
14118,happy
14120,sad
14148,neutral
14185,sad
14206,angry
1422,fear
14243,neutral
14315,angry
14329,angry
14357,angry
14376,angry
1438,neutral
14381,sad
14421,angry
14438,angry
14498,angry
14557,neutral
1460,angry
14706,angry
1477,neutral
14775,neutral
14821,angry
14831,angry
14870,angry
14945,neutral
15074,sad
1508,neutral
15138,angry
15172,angry
15190,neutral
15194,angry
15217,neutral
15222,angry
15295,neutral
15474,angry
15500,sad
15502,neutral
1555,angry
15562,angry
15637,angry
15644,fear
15654,angry
15699,disgust
157,angry
15709,angry
15712,angry
15715,surprise
15725,angry
1575,disgust
15771,disgust
1582,neutral
15820,sad
15821,sad
15835,sad
1584,sad
15848,disgust
15897,neutral
15919,angry
15941,angry
15954,angry
15979,sad
16033,sad
16102,fear
16169,angry
16222,fear
16233,sad
16287,happy
16292,angry
16380,angry
16406,angry
16410,angry
16413,neutral
16428,neutral
16506,surprise
16510,fear
16557,sad
16565,neutral
16643,fear
16659,sad
16681,sad
16711,angry
1672,disgust
16764,angry
16768,angry
16783,neutral
16792,angry
16875,angry
16999,angry
17024,angry
17053,sad
17085,neutral
17099,angry
17167,angry
1717,angry
17170,neutral
17186,angry
17209,angry
17211,fear
17228,neutral
17259,angry
17316,angry
17344,disgust
1736,fear
17371,angry
17413,disgust
17428,sad
17445,neutral
17452,neutral
17502,angry
17536,angry
17647,angry
17700,angry
17705,angry
17731,angry
17735,angry
17736,angry
17752,sad
17787,angry
17910,angry
17939,angry
18001,neutral
18050,angry
18140,angry
18142,angry
18161,fear
18166,surprise
18183,angry
18200,angry
18247,angry
1825,angry
18254,neutral
18284,angry
18376,angry
18380,angry
1841,angry
18415,disgust
18445,angry
18459,angry
18466,happy
18492,angry
18534,neutral
18565,angry
18566,neutral
18588,angry
18593,angry
18602,angry
18617,angry
18633,angry
18695,angry
18715,angry
18779,angry
1880,angry
18810,surprise
18837,angry
18882,angry
18903,angry
18949,neutral
18983,angry
1899,angry
18994,angry
19014,happy
19060,neutral
19067,neutral
1908,angry
19093,angry
19108,angry
19114,neutral
19115,angry
19140,sad
19152,angry
19268,angry
19292,neutral
19309,neutral
19392,sad
19476,angry
19477,fear
19485,sad
1966,angry
19664,angry
19732,angry
19811,angry
1983,disgust
19832,angry
19877,angry
19906,angry
19923,angry
1994,happy
19950,neutral
19961,surprise
2006,angry
20222,angry
20227,angry
20287,surprise
20290,angry
20298,surprise
20303,neutral
20312,angry
20328,angry
20353,angry
20374,disgust
20451,neutral
2050,angry
20505,angry
20532,fear
2055,disgust
20629,angry
20630,surprise
20635,angry
20640,angry
20653,angry
20673,angry
20686,angry
20736,angry
20739,angry
20796,angry
20817,happy
20849,neutral
21068,angry
21099,sad
21111,disgust
21131,sad
21135,angry
21161,disgust
2117,angry
21173,fear
21284,angry
21371,sad
21374,disgust
2142,neutral
21447,angry
21472,disgust
21511,angry
21512,angry
21520,angry
21541,neutral
21573,sad
21670,neutral
21703,angry
21723,angry
21782,angry
21836,happy
21865,angry
21916,disgust
21921,sad
21922,neutral
2194,sad
22089,angry
22183,fear
22184,angry
22198,angry
2225,sad
22309,angry
22334,sad
22375,neutral
22516,angry
22695,angry
22733,angry
22739,angry
22789,neutral
22807,neutral
22810,angry
22832,angry
2290,surprise
22990,disgust
23,happy
23008,angry
23041,neutral
23059,angry
23085,neutral
23164,angry
23194,angry
23215,neutral
23230,happy
23246,angry
23327,angry
23404,fear
23468,angry
23473,angry
23488,happy
23521,neutral
23532,angry
23749,neutral
23780,angry
23783,angry
23814,angry
23847,angry
23886,angry
24067,angry
2407,neutral
24071,disgust
24176,disgust
24184,angry
24252,angry
24378,sad
24412,disgust
24428,angry
24435,angry
24437,sad
24441,sad
24466,angry
24490,angry
245,angry
24501,sad
24542,angry
24660,angry
24678,angry
24711,angry
24789,angry
24797,angry
24819,angry
24821,neutral
2484,angry
2486,angry
2487,angry
24886,sad
249,surprise
24959,surprise
24967,angry
2498,sad
24992,angry
25082,sad
25088,angry
251,angry
25101,angry
2511,angry
25131,disgust
25144,angry
25209,angry
25255,angry
25343,sad
25360,neutral
25435,angry
25528,angry
25542,disgust
2557,angry
2558,angry
25612,angry
25681,neutral
25688,sad
25778,sad
25795,neutral
2581,neutral
25811,angry
25813,angry
25844,angry
25874,angry
25876,angry
25886,angry
25891,sad
259,angry
25944,angry
25973,angry
26025,neutral
26038,angry
26059,surprise
26121,neutral
26124,sad
26137,fear
26163,angry
26175,sad
26177,angry
26181,angry
26185,angry
26248,angry
26264,fear
26267,neutral
26337,angry
26344,angry
26437,neutral
26446,angry
26462,sad
26572,angry
26597,happy
26618,surprise
26620,angry
2668,angry
26725,neutral
26789,neutral
26845,angry
26860,surprise
26886,neutral
26899,angry
26900,angry
26919,fear
26928,angry
26956,angry
27016,angry
27022,angry
27054,angry
2709,neutral
2712,fear
27284,angry
27296,angry
27385,angry
27413,angry
27464,angry
27483,angry
27544,disgust
2762,angry
27652,angry
2770,angry
27704,sad
27715,angry
27726,neutral
27744,sad
27770,angry
27777,angry
27798,angry
27828,angry
2791,angry
27967,angry
27982,angry
28015,neutral
28058,angry
28062,angry
28120,neutral
28144,surprise
28148,neutral
28149,neutral
28207,angry
28248,angry
28288,angry
28300,angry
28401,angry
28438,fear
28498,sad
28509,angry
28543,neutral
28547,disgust
28560,disgust
28585,disgust
28614,angry
28618,neutral
28620,sad
28660,angry
28707,fear
28720,angry
28731,neutral
28737,angry
28743,angry
28749,angry
28800,angry
28840,neutral
28867,angry
28884,sad
2890,fear
28932,neutral
28952,angry
29085,disgust
29119,angry
29132,sad
29202,happy
29266,angry
29319,neutral
2933,disgust
29414,sad
29471,angry
29477,neutral
29493,angry
29523,angry
29527,sad
29554,neutral
29571,disgust
29581,angry
29588,angry
29614,happy
29669,fear
29685,disgust
29730,disgust
298,neutral
29818,angry
29866,neutral
29929,neutral
29931,surprise
29947,angry
29977,angry
29980,angry
30002,angry
30004,angry
30015,happy
30024,angry
30058,neutral
30059,angry
30082,angry
30085,angry
30171,angry
3021,angry
30260,neutral
30273,sad
30290,neutral
30305,angry
30320,neutral
30325,fear
30394,angry
30415,neutral
30420,angry
30456,fear
30458,disgust
30460,angry
30490,neutral
30509,angry
30535,angry
30563,angry
30584,surprise
30619,angry
30901,angry
30933,sad
30944,angry
3099,neutral
31033,angry
31042,angry
31081,neutral
31083,sad
31138,happy
31142,fear
31203,angry
3121,neutral
3137,angry
31491,angry
31529,neutral
31544,angry
31609,angry
31635,neutral
31693,sad
31703,neutral
3176,neutral
31849,surprise
3186,angry
31873,angry
3188,neutral
31928,happy
32023,angry
32024,angry
32153,fear
32161,neutral
32223,fear
32231,angry
3226,disgust
32278,disgust
32281,angry
32298,disgust
32336,angry
32352,angry
32367,sad
32454,surprise
32464,fear
32473,angry
3248,angry
32481,angry
32506,neutral
32512,angry
32575,sad
32584,angry
32617,fear
32662,surprise
32755,angry
32777,angry
33015,sad
3303,angry
33105,angry
33131,fear
33221,angry
3327,sad
33301,happy
33308,angry
3334,sad
33352,angry
33444,sad
33450,neutral
33459,angry
33494,angry
33560,neutral
33573,angry
33633,angry
33666,angry
3370,angry
33729,angry
3377,neutral
338,neutral
33809,angry
33829,angry
33890,angry
33924,angry
33926,angry
3393,neutral
33935,fear
33977,angry
33987,angry
33998,angry
34036,angry
34040,sad
3412,angry
34138,angry
34151,disgust
34175,angry
34178,angry
34184,angry
34238,angry
34259,fear
34352,fear
34359,fear
34363,neutral
34448,sad
34474,angry
3449,neutral
34507,sad
34581,angry
34592,angry
34596,disgust
34620,angry
3467,angry
34714,angry
34778,angry
34879,surprise
35009,angry
35010,neutral
35028,neutral
35041,angry
35059,angry
35145,angry
35149,neutral
35162,neutral
35210,angry
3522,neutral
35261,disgust
35298,angry
35407,angry
35425,angry
35439,angry
35447,sad
35514,angry
3558,angry
3564,angry
35669,neutral
35681,angry
35682,disgust
35731,sad
35753,fear
35805,angry
35809,angry
35820,angry
35828,angry
35881,angry
35884,neutral
3599,fear
3632,neutral
377,sad
38,angry
3802,angry
3819,sad
3839,sad
3862,neutral
3870,angry
3913,sad
4015,angry
404,angry
4060,neutral
4077,angry
4100,neutral
4196,sad
4229,neutral
4306,angry
4317,neutral
4324,angry
4349,angry
4384,angry
4396,angry
4397,sad
4459,neutral
4468,happy
4502,angry
4579,angry
4616,angry
4637,neutral
4660,neutral
4665,angry
4670,sad
4700,neutral
4751,fear
4807,angry
4878,angry
4937,sad
5010,angry
5060,angry
5064,neutral
521,angry
5220,angry
5233,angry
5244,neutral
5259,angry
5312,sad
5317,angry
5400,angry
5422,surprise
5432,sad
5434,disgust
5459,angry
5519,angry
5564,angry
5570,angry
5582,neutral
5607,neutral
5610,neutral
5637,angry
5732,angry
5739,neutral
5780,angry
5810,angry
5822,angry
5859,sad
5883,neutral
5888,sad
589,angry
5902,angry
5962,angry
6009,angry
6017,neutral
6075,angry
608,sad
6088,angry
6119,angry
6129,angry
6155,surprise
6225,sad
6232,disgust
624,sad
6274,angry
6278,angry
6283,disgust
6321,sad
633,sad
6347,angry
6364,angry
6365,neutral
6375,angry
6390,angry
6420,angry
6426,neutral
6471,angry
6484,angry
65,angry
654,neutral
6547,sad
6555,neutral
6561,angry
6566,happy
6580,angry
6581,angry
6584,disgust
6618,angry
6621,angry
665,angry
6652,angry
6726,angry
6739,angry
6745,sad
676,neutral
6766,angry
6809,sad
6890,sad
6923,angry
6955,angry
6965,angry
7015,angry
7056,angry
7103,angry
7136,fear
7174,angry
7219,angry
7257,angry
7261,fear
727,neutral
7284,angry
7291,angry
7409,neutral
7492,disgust
7550,happy
7559,sad
7589,angry
764,neutral
7655,fear
7668,angry
7729,angry
7777,angry
7793,disgust
7811,sad
7886,neutral
7919,sad
7937,sad
7979,angry
8000,disgust
8001,angry
8052,angry
8096,angry
8103,neutral
8130,angry
8151,angry
816,fear
8267,neutral
8275,angry
8299,angry
8402,neutral
842,angry
854,angry
8555,neutral
8581,neutral
8593,fear
861,angry
8661,fear
8685,angry
8719,angry
8734,happy
8902,angry
8916,disgust
8969,angry
9012,angry
9059,angry
9100,angry
9156,surprise
9266,angry
9293,angry
9331,angry
9400,fear
9567,neutral
9615,angry
966,angry
9691,neutral
9698,neutral
9715,angry
9748,angry
9785,angry
9802,neutral
9811,neutral
9862,angry
9884,angry
9931,angry
10053,disgust
10435,disgust
10532,disgust
1115,disgust
11222,disgust
11529,disgust
11639,disgust
12417,disgust
12753,disgust
13372,disgust
13597,disgust
13652,disgust
13847,disgust
14041,neutral
14869,disgust
14954,disgust
14958,disgust
15110,disgust
16021,disgust
16054,disgust
16121,disgust
16264,disgust
16718,disgust
17260,angry
18077,angry
1843,disgust
18464,disgust
18716,disgust
19649,disgust
19734,disgust
19770,disgust
19801,disgust
19831,disgust
20761,disgust
21744,disgust
21765,disgust
21851,disgust
22320,disgust
2275,disgust
23141,disgust
23153,disgust
23665,angry
23876,surprise
24578,disgust
25267,angry
25538,disgust
25541,disgust
26859,disgust
2732,disgust
2742,disgust
28332,disgust
28390,disgust
28710,disgust
28987,angry
29158,disgust
29269,disgust
30347,disgust
30428,disgust
30499,disgust
30601,disgust
30719,disgust
30761,disgust
30907,neutral
3101,disgust
31232,angry
31323,neutral
31796,disgust
31828,disgust
32487,surprise
32681,disgust
33209,angry
33284,disgust
33561,disgust
33670,disgust
33995,disgust
34022,angry
34432,disgust
34505,disgust
34519,disgust
3521,fear
35376,disgust
35580,disgust
3690,disgust
3778,disgust
4002,disgust
4004,disgust
4265,surprise
4312,angry
4481,disgust
4737,disgust
5085,disgust
533,disgust
573,disgust
6231,disgust
6926,disgust
7068,disgust
7192,disgust
7405,angry
7455,disgust
7592,disgust
7835,disgust
807,sad
8415,disgust
8585,disgust
8726,disgust
8893,disgust
8948,angry
9043,disgust
9297,disgust
9460,disgust
9504,angry
10029,surprise
10043,fear
10044,happy
1008,fear
10099,neutral
101,neutral
10189,fear
10263,neutral
10267,angry
10278,angry
10292,angry
10355,fear
10409,surprise
10437,sad
10443,sad
10445,sad
10458,fear
10489,fear
10493,surprise
10534,surprise
1075,sad
10758,sad
1079,sad
10797,surprise
10832,sad
10933,angry
10944,surprise
10968,angry
10979,fear
11030,fear
11036,angry
11039,neutral
11054,neutral
11057,neutral
11104,surprise
11112,fear
11137,surprise
11143,fear
11146,happy
1116,fear
1128,fear
1133,fear
11353,fear
11360,disgust
1137,neutral
11381,fear
11412,angry
11416,fear
11471,angry
11536,fear
1154,sad
11559,surprise
11587,sad
11653,fear
11682,fear
11687,fear
1169,neutral
11704,surprise
11706,sad
11727,sad
11729,sad
11747,neutral
11754,neutral
11774,sad
11816,disgust
11855,angry
11904,fear
1193,surprise
11944,fear
11968,surprise
11999,sad
12063,angry
12125,neutral
12255,fear
12259,happy
12313,fear
12334,angry
12350,surprise
12383,happy
12431,neutral
12440,neutral
12472,neutral
12496,fear
12527,fear
12578,surprise
12592,fear
12634,angry
12674,sad
12676,angry
12698,fear
12712,neutral
12737,surprise
12809,angry
12891,sad
12948,surprise
12986,fear
12988,sad
13067,neutral
13071,sad
131,fear
13114,sad
13121,happy
13152,fear
13179,sad
13233,fear
1325,neutral
13250,disgust
13252,fear
13301,angry
13306,angry
13308,fear
13310,angry
13362,sad
13394,fear
13405,sad
1343,angry
13482,fear
13486,sad
13518,fear
13549,surprise
13561,surprise
13585,angry
13587,fear
13593,sad
13596,fear
13638,sad
13664,surprise
1367,fear
13683,neutral
13694,fear
13798,fear
13855,fear
1389,sad
13899,neutral
13913,angry
13921,fear
13928,surprise
13933,fear
13939,fear
13965,happy
13971,fear
1401,fear
14011,fear
14033,sad
14037,fear
14044,sad
14057,angry
14082,neutral
1410,surprise
14114,angry
14117,angry
14268,fear
1429,sad
14306,sad
1441,sad
14444,neutral
14452,sad
14509,fear
14529,angry
14551,fear
14605,neutral
14620,angry
14637,surprise
1465,happy
14722,sad
1474,fear
14744,happy
14747,neutral
14786,fear
14789,fear
148,angry
1485,surprise
14891,fear
14987,angry
15001,fear
15012,angry
15040,surprise
1506,angry
15088,sad
15134,fear
15191,sad
15198,fear
15260,surprise
15268,fear
15279,fear
15280,surprise
1534,angry
15503,fear
15539,neutral
15544,surprise
15578,sad
15615,surprise
15622,angry
15663,sad
15668,fear
15678,angry
1576,neutral
15778,surprise
15859,sad
15870,fear
15881,fear
15921,angry
15950,neutral
15984,fear
1599,fear
15999,angry
16039,fear
1606,angry
16071,fear
16113,neutral
16134,fear
16226,sad
16277,fear
16318,fear
16330,surprise
16346,fear
16374,fear
16395,sad
16429,neutral
16440,surprise
16450,angry
16486,surprise
16489,angry
16501,surprise
16503,sad
16523,neutral
16539,sad
1654,fear
16559,sad
1657,surprise
1660,fear
16609,sad
16632,sad
16674,surprise
16775,fear
16788,fear
16802,fear
16811,neutral
16830,angry
16915,sad
16930,angry
16954,neutral
16977,angry
16990,sad
17105,sad
17107,fear
17114,fear
17180,fear
17191,fear
17213,fear
17217,surprise
1722,angry
17236,fear
1727,angry
17314,fear
17334,angry
17369,sad
17449,sad
17479,angry
17503,fear
17550,sad
17558,sad
1756,fear
17587,fear
17631,fear
17668,fear
17685,neutral
17707,sad
17710,fear
17762,neutral
17816,fear
17831,surprise
17834,sad
17901,angry
17930,surprise
17932,angry
17934,neutral
1796,sad
1799,sad
18006,angry
18010,surprise
18068,neutral
18073,surprise
18104,fear
18106,angry
18108,surprise
18117,angry
18148,neutral
18203,neutral
18291,angry
18299,angry
18309,happy
18317,fear
18325,disgust
18336,fear
18364,neutral
1838,fear
18404,fear
18513,angry
18517,happy
18523,surprise
18527,surprise
18542,fear
18569,angry
1857,fear
18574,angry
18641,angry
18713,sad
1873,surprise
18753,disgust
18757,fear
18763,fear
18905,neutral
18908,fear
18911,surprise
18960,fear
18974,angry
18976,neutral
18984,sad
19000,fear
19020,surprise
19064,sad
19089,fear
19119,fear
19188,sad
19216,sad
19226,sad
19235,surprise
19252,sad
1929,fear
19349,angry
1939,neutral
19454,neutral
19473,disgust
19497,fear
19559,fear
19599,fear
19612,sad
19644,surprise
19682,neutral
19740,angry
19754,neutral
19810,angry
19841,surprise
1986,neutral
19888,angry
19896,angry
19897,angry
19995,fear
200,sad
20037,fear
20058,neutral
20062,angry
20083,fear
20135,fear
20194,fear
20214,sad
20265,happy
20337,neutral
20411,neutral
20424,angry
20450,surprise
20461,fear
2047,fear
20476,angry
20495,sad
20508,neutral
20526,happy
20579,fear
20598,angry
20617,neutral
20715,sad
20831,sad
20843,fear
20851,neutral
20897,happy
20970,neutral
2098,angry
21,fear
21070,fear
21101,fear
21102,surprise
21227,surprise
21230,fear
21250,fear
21269,angry
21280,surprise
21352,sad
21360,fear
21387,surprise
21420,sad
21464,angry
21499,fear
21500,neutral
21556,fear
21559,fear
21598,fear
21615,angry
21654,angry
21686,angry
21697,happy
2178,surprise
21833,fear
21858,fear
21877,fear
21946,angry
21967,fear
22050,surprise
22074,angry
22102,sad
22130,fear
22166,surprise
2226,fear
22326,surprise
22349,fear
224,surprise
22458,angry
22485,sad
22520,surprise
22607,neutral
22640,surprise
22662,fear
22756,neutral
22791,angry
22827,fear
22839,surprise
22840,surprise
22917,sad
22944,angry
22988,angry
22997,neutral
23038,sad
23083,neutral
23100,surprise
23126,fear
23142,sad
23184,angry
23192,happy
23209,surprise
23260,fear
23305,surprise
23332,neutral
23362,sad
23368,fear
23389,fear
23403,sad
23427,neutral
23447,neutral
23463,fear
23477,sad
23517,fear
23540,surprise
23561,fear
23566,fear
2357,angry
23718,surprise
23731,neutral
23767,fear
23778,neutral
2378,fear
23791,fear
2391,angry
24016,sad
24035,sad
24088,fear
24089,fear
24131,neutral
2416,fear
24165,neutral
24185,angry
24213,angry
24220,neutral
2426,surprise
24452,angry
24479,surprise
24482,surprise
24539,neutral
24554,happy
24562,surprise
24579,happy
24621,fear
24625,surprise
24694,angry
24721,surprise
24753,fear
24763,fear
24778,sad
24822,sad
24880,sad
24948,neutral
24963,fear
24978,sad
24991,angry
25045,fear
25046,fear
25061,neutral
25074,surprise
25108,angry
25109,sad
25133,fear
25162,angry
25191,fear
25202,happy
25220,fear
25242,fear
25247,sad
25298,angry
25306,fear
25327,neutral
25359,neutral
25439,angry
25481,neutral
25496,neutral
25555,fear
25570,surprise
25577,sad
25590,neutral
25605,fear
25621,fear
25638,fear
25647,angry
25710,fear
258,angry
25820,fear
25914,sad
2592,sad
2593,sad
26082,neutral
26091,disgust
26097,fear
26131,fear
26210,angry
26250,fear
26275,angry
26283,sad
26363,angry
26377,fear
26385,fear
26394,angry
264,fear
26402,surprise
26409,surprise
2641,fear
26454,angry
26469,surprise
2651,disgust
2657,neutral
26582,neutral
26726,sad
2681,angry
26842,disgust
26895,fear
26916,surprise
26927,angry
26973,fear
26980,sad
270,disgust
27006,disgust
27077,fear
27094,neutral
27098,fear
27103,angry
27145,angry
27300,fear
27308,angry
27359,fear
27363,fear
27369,sad
27488,fear
27503,angry
27509,fear
27591,sad
27635,fear
27709,fear
27764,sad
27772,sad
27806,sad
27846,disgust
27868,fear
27889,surprise
2789,sad
27899,happy
27910,fear
27937,angry
28050,angry
28101,fear
28189,angry
28210,disgust
28243,sad
28267,fear
28308,neutral
28331,angry
28417,fear
28453,surprise
28503,surprise
28515,fear
28548,angry
2858,sad
2860,fear
28627,fear
28701,neutral
28704,surprise
28724,surprise
28729,surprise
28734,neutral
28859,neutral
29005,sad
29026,fear
29027,fear
29043,angry
2906,angry
29068,fear
29126,surprise
29152,fear
29219,surprise
2927,neutral
29284,fear
29285,fear
29291,angry
29315,angry
29327,sad
29349,surprise
29389,angry
29478,neutral
29528,fear
29536,sad
29603,fear
29629,neutral
29674,angry
297,fear
29701,fear
29709,surprise
29713,sad
29720,surprise
29731,neutral
29733,sad
29735,angry
29738,neutral
29795,happy
29869,sad
2987,angry
29871,neutral
2988,surprise
29892,angry
29912,neutral
29924,neutral
29990,neutral
3000,happy
30062,sad
30074,angry
30196,fear
30206,neutral
30237,fear
30253,sad
30316,fear
30333,neutral
3036,sad
30482,fear
30564,fear
3057,sad
30594,fear
30638,neutral
30735,angry
30774,angry
30798,sad
3087,neutral
30936,sad
31007,fear
31105,angry
31107,neutral
31116,fear
3112,fear
31130,fear
31157,fear
31159,surprise
31188,fear
3124,fear
31286,neutral
31330,fear
31341,angry
31357,surprise
31375,neutral
31395,fear
31398,angry
314,sad
31421,sad
31461,neutral
31526,fear
31535,angry
31569,fear
31625,surprise
31638,sad
31655,sad
3170,surprise
31738,sad
31782,fear
31821,fear
31855,fear
31860,fear
31866,sad
31903,fear
31916,fear
31940,sad
31954,surprise
31973,sad
31979,neutral
32076,surprise
32097,angry
32103,surprise
32180,sad
32279,fear
32323,fear
32349,fear
32351,happy
32438,sad
32461,surprise
32463,neutral
32485,angry
32507,sad
32551,fear
32569,surprise
32619,neutral
32623,angry
32642,fear
32682,neutral
32688,neutral
3269,surprise
32692,sad
32696,surprise
32758,fear
32766,sad
32799,fear
32829,sad
32876,angry
32879,surprise
32889,angry
32931,angry
32940,surprise
32941,neutral
32946,disgust
3296,fear
3297,fear
32996,surprise
33007,angry
33051,fear
33097,fear
3314,angry
33215,fear
33258,happy
33299,fear
33358,angry
33390,happy
33410,angry
33419,surprise
33440,fear
33490,neutral
33519,angry
33535,angry
33548,fear
33559,neutral
33587,fear
33608,fear
33617,sad
33644,surprise
33673,surprise
33674,surprise
33701,neutral
33718,neutral
33806,neutral
33855,sad
3391,angry
33919,surprise
33940,fear
340,fear
3402,sad
34024,fear
34063,sad
3409,angry
34097,sad
341,sad
34100,surprise
34117,fear
34120,sad
34143,fear
34201,angry
34277,sad
34325,fear
34356,neutral
34382,sad
34396,fear
34415,angry
34462,fear
34465,fear
34522,happy
34545,angry
34613,neutral
34656,surprise
34659,fear
34675,fear
3472,sad
34730,angry
34755,surprise
34878,surprise
34897,angry
34968,fear
34972,fear
35022,fear
35120,sad
35151,fear
35202,fear
35207,fear
35230,surprise
35238,surprise
35250,sad
35257,fear
35279,sad
35322,neutral
35334,fear
35362,angry
35363,fear
35394,neutral
35410,neutral
35427,sad
35453,fear
35541,fear
35592,fear
35629,fear
3565,angry
35697,fear
35709,angry
3584,surprise
35851,fear
3601,surprise
3645,sad
365,angry
3709,sad
3714,neutral
3719,fear
3722,fear
3736,neutral
3739,sad
3742,neutral
3783,neutral
3785,neutral
3836,sad
3837,neutral
3985,fear
4033,fear
4040,fear
4064,fear
4098,neutral
414,fear
418,fear
4200,surprise
4217,sad
4234,neutral
4296,sad
4308,fear
4316,surprise
4340,fear
4411,fear
4453,fear
4516,surprise
452,happy
4523,fear
454,neutral
4540,neutral
4547,angry
460,surprise
4650,surprise
4821,surprise
483,sad
4858,surprise
4901,happy
4917,neutral
4975,surprise
4979,angry
4986,surprise
500,fear
5023,neutral
504,sad
507,surprise
5074,neutral
5097,fear
5117,angry
5184,fear
5222,surprise
5253,surprise
5263,fear
5283,sad
5360,fear
538,fear
546,neutral
5472,fear
5514,surprise
5567,sad
5622,fear
5638,sad
5654,sad
5717,neutral
5736,surprise
5809,surprise
5858,sad
5957,angry
5961,fear
5989,happy
5992,fear
6035,fear
6037,surprise
6054,sad
6059,surprise
6062,angry
6064,fear
6091,fear
6106,sad
6152,fear
6153,fear
6176,angry
6179,surprise
6214,fear
6311,angry
6345,neutral
6346,happy
6366,surprise
6469,sad
6495,disgust
6515,angry
6608,fear
6732,angry
6747,fear
6808,fear
6814,sad
6876,sad
689,sad
6902,surprise
6909,fear
6973,fear
6988,fear
7027,sad
7038,fear
7102,neutral
712,sad
7129,angry
7146,neutral
7150,angry
7158,sad
7182,surprise
7270,sad
7271,neutral
729,angry
73,fear
7302,surprise
7305,fear
7350,surprise
7394,neutral
741,angry
7517,angry
7542,angry
7580,neutral
7681,disgust
7684,neutral
7748,fear
7749,angry
7756,fear
7786,fear
7819,sad
7846,neutral
7875,angry
7894,neutral
794,sad
7980,angry
8035,surprise
8040,fear
8043,neutral
8067,fear
8119,fear
8163,neutral
8177,happy
8178,fear
8239,fear
8350,fear
8433,sad
8454,neutral
8474,angry
8481,neutral
85,neutral
8556,angry
859,happy
8611,neutral
8637,fear
8645,fear
8672,fear
872,fear
8754,surprise
8795,fear
8797,neutral
8818,angry
886,fear
9037,surprise
9040,angry
9101,fear
911,angry
9179,neutral
9205,fear
9232,fear
9251,fear
9261,fear
9281,fear
9302,sad
9333,fear
9369,fear
9370,angry
9474,sad
949,sad
9602,angry
9606,fear
9842,angry
9898,angry
10019,happy
10023,fear
10074,happy
10096,happy
10106,happy
10126,happy
10138,happy
10141,surprise
1020,sad
10218,happy
10237,happy
10248,happy
10257,happy
1027,happy
10273,neutral
10276,happy
10312,happy
10317,happy
10344,happy
10362,happy
10367,happy
10370,happy
10432,happy
10456,surprise
10467,happy
10468,angry
10480,happy
10528,happy
10540,happy
10552,happy
1056,surprise
10571,surprise
1058,happy
10622,happy
10638,neutral
10640,happy
10644,happy
10647,sad
10683,happy
10703,happy
1074,happy
10770,fear
10773,happy
10792,sad
1081,happy
10811,happy
10841,happy
10879,fear
10903,happy
10935,surprise
10956,happy
10992,happy
11019,happy
1111,happy
11150,happy
11208,happy
1121,happy
11236,happy
1130,angry
11345,happy
11349,happy
11392,happy
1141,happy
11500,happy
11508,angry
11516,happy
1152,happy
11530,happy
11549,happy
11552,happy
11558,happy
11573,happy
11575,happy
11588,neutral
1159,angry
11594,happy
11604,happy
11614,happy
11637,happy
11646,happy
11658,happy
11717,happy
11733,happy
11763,happy
11766,angry
11772,happy
11785,happy
11793,neutral
11808,happy
11814,happy
11819,happy
11835,fear
11842,happy
11850,happy
11885,neutral
11927,happy
12011,happy
1202,happy
12024,happy
12098,happy
12120,happy
12129,happy
12141,happy
12191,happy
12239,happy
12257,happy
12284,happy
12321,happy
12329,happy
12349,happy
12359,happy
12376,happy
12379,happy
12381,surprise
12410,happy
1246,happy
12487,happy
12492,angry
12497,fear
12557,happy
12560,happy
12581,happy
12600,happy
12611,happy
12672,happy
12705,neutral
12725,happy
12729,happy
12772,happy
12776,happy
12789,happy
12861,happy
12904,happy
12936,neutral
12951,happy
12956,happy
12957,happy
13037,surprise
13073,happy
1309,happy
13105,happy
13108,sad
13127,neutral
13139,happy
13151,happy
1316,happy
13204,happy
13228,happy
13283,angry
13317,neutral
13322,happy
1334,happy
13348,happy
13353,happy
13363,happy
13366,sad
13385,happy
1341,happy
13427,happy
13428,happy
13449,happy
13456,happy
13476,happy
13502,happy
13526,happy
13528,happy
13570,happy
13584,happy
13590,happy
13615,happy
13618,happy
13655,happy
13703,happy
13706,happy
13715,happy
13757,happy
13761,happy
13792,happy
13802,happy
1381,happy
13833,fear
13848,happy
13874,happy
13877,happy
139,happy
13911,happy
13912,surprise
13925,happy
1395,sad
13955,happy
13968,fear
13969,happy
13991,happy
14063,angry
14092,happy
141,neutral
14139,happy
14152,happy
14155,happy
14169,happy
14236,happy
14278,happy
14282,happy
14292,happy
14310,happy
14314,happy
14327,fear
14348,happy
14360,happy
14371,happy
14378,happy
14419,fear
14427,happy
14448,happy
14473,happy
14475,happy
14516,happy
14517,angry
14518,neutral
14546,happy
14586,neutral
14593,happy
14611,happy
14700,happy
14730,happy
14757,happy
14759,sad
14792,happy
14877,happy
1491,happy
14965,happy
14973,angry
15039,happy
15060,happy
15077,happy
15099,happy
1512,happy
15147,happy
15181,happy
15212,happy
15216,angry
15221,happy
15229,happy
15257,neutral
15269,neutral
15271,happy
15292,happy
15310,happy
15323,happy
15331,happy
15335,happy
1538,happy
15397,happy
15400,disgust
15409,happy
15426,happy
15432,happy
15438,happy
15443,disgust
15455,neutral
15494,happy
15520,happy
15523,happy
15589,happy
15616,happy
15621,happy
15677,happy
15708,happy
15758,happy
15767,happy
15791,surprise
15843,happy
15854,happy
15885,neutral
15910,surprise
15966,fear
15976,happy
15983,neutral
16037,angry
16042,happy
16064,happy
16076,happy
16081,happy
16106,neutral
16108,happy
16120,happy
16141,happy
16192,happy
16198,happy
16238,happy
16275,happy
1628,happy
16308,happy
16370,happy
16375,happy
1640,happy
16407,angry
16423,happy
16444,happy
16460,neutral
16511,neutral
16550,happy
16562,happy
16583,happy
16588,happy
16596,angry
16604,happy
16611,happy
16619,happy
16633,happy
16649,happy
16667,happy
16699,happy
167,happy
1670,neutral
16700,happy
16712,sad
16734,angry
16738,happy
16751,angry
16752,neutral
16759,neutral
16770,happy
16795,happy
16799,happy
16809,happy
16818,happy
16952,happy
16967,happy
16971,happy
1699,happy
17002,surprise
17007,happy
17010,neutral
17021,happy
17022,happy
17032,happy
1704,sad
17041,happy
1707,happy
17098,happy
17104,surprise
17117,happy
17188,happy
17194,happy
17207,happy
17220,happy
17319,happy
17367,neutral
17381,happy
17397,happy
17402,happy
17447,happy
17462,neutral
17470,surprise
17484,happy
17485,neutral
17494,happy
17498,happy
17506,disgust
17524,happy
17541,happy
17543,happy
17552,happy
17609,happy
17624,happy
17654,happy
1768,happy
17682,happy
17684,happy
17692,happy
17694,happy
17698,happy
1770,happy
17715,happy
17772,happy
17799,happy
17802,neutral
17821,happy
1787,happy
17904,happy
1793,happy
17936,happy
18016,happy
18018,happy
18025,neutral
18033,happy
18037,happy
18080,angry
18082,happy
1815,happy
18165,happy
18173,happy
18205,happy
18226,happy
18237,happy
18245,happy
18249,happy
18250,happy
18256,happy
18259,surprise
18297,happy
18308,happy
18383,happy
18405,happy
18424,sad
18425,happy
18442,happy
18443,sad
18471,happy
18476,happy
18483,happy
18487,sad
18503,happy
18505,neutral
18531,happy
18541,neutral
18556,happy
18568,happy
18578,happy
18655,happy
18662,happy
1869,happy
187,happy
18700,happy
18729,happy
18783,happy
18822,happy
18827,angry
18834,happy
18835,happy
18849,happy
18861,happy
1887,happy
18873,happy
18885,happy
18898,happy
18904,surprise
18930,happy
18944,happy
18948,happy
18952,happy
19008,happy
19012,happy
19025,disgust
19056,happy
19062,happy
19063,neutral
19074,happy
19105,happy
19127,disgust
19130,happy
19132,happy
19137,neutral
19148,happy
19160,happy
19162,happy
1919,happy
192,fear
1920,happy
19210,happy
19245,happy
19263,happy
19269,happy
19284,happy
19291,neutral
19317,happy
19318,happy
19323,happy
19346,happy
19357,neutral
19370,happy
19377,happy
19378,happy
1938,happy
19398,happy
19402,sad
19438,happy
19449,happy
19478,happy
19492,happy
19496,happy
19499,happy
19514,happy
1953,happy
19536,happy
19548,sad
19568,happy
19589,neutral
19597,surprise
196,happy
19600,happy
19605,happy
19668,happy
19680,happy
19696,happy
19700,happy
19709,happy
19711,happy
1974,happy
19744,happy
19747,happy
19748,happy
19768,happy
19803,happy
19837,happy
19883,happy
19889,happy
19918,happy
19957,happy
19958,happy
19962,happy
19968,happy
2001,happy
20023,happy
20025,happy
20032,fear
20039,happy
20048,happy
20091,happy
20111,happy
2012,sad
20120,happy
20122,happy
20140,happy
20155,happy
20165,happy
20181,happy
20196,happy
20208,happy
20213,happy
20216,happy
20218,happy
20229,happy
20239,happy
20252,happy
20267,happy
20285,happy
20296,sad
20318,happy
20355,happy
20365,happy
20371,sad
20377,happy
20412,happy
20430,happy
20445,happy
20490,happy
20500,happy
20507,happy
20519,happy
20547,happy
20561,happy
20567,happy
2058,happy
20580,happy
20595,happy
20616,happy
2064,happy
20666,happy
20675,neutral
20684,happy
20685,happy
2069,happy
20745,happy
20821,happy
20829,happy
20850,happy
20857,happy
20865,happy
20866,disgust
20889,happy
20918,happy
20941,happy
20945,happy
20949,happy
20958,happy
20972,angry
20984,happy
20988,happy
20994,neutral
210,happy
21006,happy
21027,happy
21033,happy
21077,angry
21097,happy
21098,happy
21120,happy
21143,neutral
21177,happy
21185,happy
2120,sad
21200,happy
2122,happy
21235,neutral
21292,happy
213,happy
21305,happy
21316,happy
21348,happy
2135,happy
2137,happy
21376,happy
21384,happy
21394,happy
21439,happy
21441,happy
21460,happy
21473,happy
21483,angry
21501,disgust
2152,sad
21524,happy
21538,happy
21574,happy
2159,happy
21593,happy
21602,happy
21605,happy
21618,happy
21699,happy
21708,happy
21750,happy
21778,happy
21783,happy
21787,happy
2182,happy
21825,neutral
21835,happy
2184,happy
21846,happy
21876,happy
21899,happy
21927,happy
21942,fear
21943,happy
21961,neutral
21990,neutral
2204,happy
22056,surprise
22064,happy
22080,happy
22097,happy
22111,neutral
22138,happy
22140,happy
22150,happy
22154,surprise
22178,angry
22179,happy
22191,happy
22194,happy
22201,disgust
22247,happy
22289,sad
22290,happy
22301,angry
2231,happy
22340,happy
22346,happy
22347,happy
22351,happy
22380,angry
22388,happy
22395,happy
22424,happy
22459,happy
22466,happy
22506,sad
22532,happy
22545,happy
22560,happy
22574,happy
22600,happy
22604,happy
22612,happy
22614,happy
22671,neutral
22679,happy
22711,neutral
22750,happy
22754,happy
22763,neutral
22778,happy
22784,happy
22804,happy
22805,happy
2282,happy
22834,happy
2284,happy
22863,neutral
2287,happy
22894,happy
22900,happy
22910,happy
2293,happy
22935,neutral
22991,happy
23028,happy
2305,happy
2307,happy
2308,happy
23096,happy
23101,happy
23114,happy
23122,happy
23170,happy
23238,happy
2324,surprise
2327,happy
23293,neutral
23319,happy
23320,sad
23321,angry
23334,happy
23377,happy
23380,happy
23381,happy
23419,happy
23440,happy
23453,happy
23462,angry
2350,happy
23501,happy
23525,happy
23555,happy
23559,angry
23572,happy
23590,happy
23612,happy
23621,happy
23664,happy
23667,happy
2374,happy
2377,happy
23770,sad
23786,happy
23801,happy
23813,happy
23848,happy
23862,happy
23865,neutral
23866,happy
23891,happy
23897,happy
23920,happy
23933,happy
23946,happy
24027,happy
2403,neutral
24054,neutral
24055,happy
24077,angry
24079,happy
24099,neutral
2411,happy
24123,happy
24137,happy
24148,happy
24161,happy
24189,happy
24200,happy
2421,happy
24211,happy
24219,happy
24224,happy
2424,happy
24241,happy
24259,fear
24263,happy
24286,happy
24289,happy
24292,happy
24297,happy
24299,happy
24340,happy
24354,happy
24355,surprise
2436,neutral
24360,happy
24380,happy
24390,happy
24391,surprise
24393,happy
24395,happy
24410,happy
24465,happy
24492,neutral
2450,happy
24509,happy
24521,happy
24530,happy
24535,happy
24536,happy
24570,angry
24607,happy
24633,happy
24652,happy
24656,happy
24680,neutral
24692,happy
24699,happy
247,happy
24718,happy
2472,happy
24731,neutral
24747,happy
24764,happy
24769,happy
24777,happy
24783,happy
24823,happy
2483,happy
24845,happy
24884,sad
24906,happy
24910,happy
2492,neutral
24942,happy
24946,happy
25006,happy
25017,happy
25028,happy
25037,happy
25039,happy
25048,angry
25058,happy
25123,happy
25163,happy
25180,happy
25186,happy
25199,happy
25223,surprise
25271,happy
25275,neutral
25287,happy
25322,happy
25328,happy
25337,happy
25342,happy
25383,angry
25396,happy
25414,happy
25420,happy
25431,happy
25438,fear
25443,happy
25454,neutral
25472,happy
25517,happy
25533,happy
2554,neutral
2556,happy
25578,happy
2559,happy
25602,happy
25604,happy
25649,happy
25652,happy
25658,happy
25686,happy
25705,happy
25714,happy
25719,happy
25720,happy
25744,happy
25747,happy
25759,happy
25775,happy
25809,happy
25839,happy
25887,happy
25902,happy
25927,fear
25937,happy
25949,happy
25993,happy
26018,happy
2603,happy
26032,happy
26034,happy
26046,happy
26077,happy
26098,happy
26107,neutral
2611,happy
26159,happy
26160,happy
26169,neutral
2620,happy
26212,happy
26224,happy
2629,happy
26338,happy
26370,happy
26397,happy
2640,happy
26456,happy
26459,happy
26468,happy
26477,happy
2649,happy
26511,happy
2655,happy
26563,happy
26578,happy
26660,happy
26665,happy
26667,happy
26676,happy
26703,happy
26720,neutral
26736,happy
26775,surprise
2678,happy
26819,happy
26840,happy
26850,sad
26873,happy
26888,happy
26891,happy
26906,happy
26909,happy
26913,happy
26935,happy
26960,happy
26963,happy
26967,happy
26978,happy
26981,happy
27048,happy
27051,happy
27105,neutral
27106,happy
27128,happy
27140,happy
27152,happy
27162,happy
27172,happy
27187,happy
27196,happy
27197,happy
27204,neutral
27212,happy
27227,happy
27246,happy
27277,happy
27294,happy
2730,happy
27326,happy
27333,happy
27334,happy
27365,happy
27367,happy
27404,happy
27407,happy
27426,happy
27446,happy
2745,happy
27452,happy
27474,happy
27508,happy
2754,happy
27554,sad
27563,happy
27575,happy
27616,neutral
27619,neutral
27625,happy
27636,happy
27645,happy
27647,happy
27648,happy
27662,happy
27671,happy
27675,happy
27701,happy
2771,happy
2774,happy
27779,angry
27823,happy
27854,happy
2790,happy
27928,neutral
27931,happy
27932,happy
27940,happy
27944,neutral
27949,happy
2796,fear
28040,happy
28046,neutral
2805,happy
2806,angry
2810,happy
28105,happy
28108,happy
28115,happy
28138,happy
28140,happy
2816,happy
2820,happy
28249,happy
28256,happy
28264,happy
28273,happy
28282,happy
28367,happy
28376,happy
28379,happy
28383,neutral
28415,happy
28474,happy
28502,happy
28522,happy
28529,happy
2857,sad
28581,happy
28590,happy
28594,happy
28600,happy
2861,happy
28632,happy
2867,happy
28676,happy
28688,happy
28772,surprise
28797,surprise
28807,happy
28814,disgust
2885,happy
28871,happy
28897,happy
28928,happy
28934,happy
28938,happy
28949,happy
28954,happy
28955,happy
28962,fear
28963,happy
28982,happy
29003,happy
29019,happy
29020,neutral
29067,happy
29071,happy
29074,happy
29111,happy
29123,happy
2913,happy
29185,neutral
29211,happy
29214,neutral
29248,angry
29258,happy
29290,disgust
2930,happy
29300,happy
29329,surprise
29365,happy
29370,happy
2938,happy
29398,happy
29415,happy
29423,neutral
29456,happy
29460,happy
29464,happy
29467,happy
29475,happy
2948,surprise
29504,happy
29555,happy
29578,happy
29589,happy
29645,happy
29647,happy
29648,happy
29649,happy
2965,happy
29680,angry
29697,happy
29699,surprise
29707,happy
29724,happy
29766,neutral
29769,happy
29773,happy
29821,surprise
29834,happy
29844,fear
2985,happy
29889,happy
29919,happy
29979,angry
29981,happy
29987,happy
29991,happy
30,happy
30006,happy
30016,happy
30069,sad
30099,happy
3010,happy
30102,happy
30114,happy
30119,happy
30127,angry
30143,happy
3016,happy
30164,happy
30188,happy
30193,happy
30216,happy
3022,happy
30221,happy
3024,happy
30241,happy
30245,happy
3029,happy
30297,neutral
30328,happy
30332,happy
30337,happy
30338,happy
30341,happy
30400,happy
30407,happy
30424,happy
30478,happy
30585,happy
30646,happy
30651,happy
30652,happy
30661,neutral
30675,happy
30683,happy
30689,neutral
3069,happy
30704,happy
30728,neutral
30737,happy
30738,surprise
30749,happy
3077,happy
30772,happy
30779,happy
30793,happy
30808,happy
30820,happy
30822,happy
30823,happy
30825,happy
3083,happy
30830,happy
30835,happy
30851,happy
30855,happy
30856,neutral
3086,happy
30871,happy
30893,surprise
30909,neutral
30948,happy
30951,happy
30961,happy
30962,happy
30965,happy
30981,surprise
31010,neutral
31029,happy
31043,neutral
31056,happy
3106,happy
31080,happy
31101,happy
31112,happy
31137,happy
31140,happy
31141,happy
31145,happy
3117,happy
3120,happy
31209,happy
31239,happy
31285,happy
31295,happy
3131,happy
31316,happy
3132,happy
31366,happy
3138,happy
31384,happy
3144,happy
31440,happy
3146,happy
31542,happy
31551,happy
31571,happy
31572,happy
3162,happy
31627,happy
31629,happy
31659,happy
31697,happy
31742,happy
31752,happy
31806,happy
31811,happy
3182,happy
31833,happy
31853,happy
31858,happy
31870,happy
31897,happy
31908,happy
31929,surprise
31952,happy
31977,happy
31987,happy
32046,happy
32047,happy
32048,happy
32051,angry
3209,happy
32142,happy
32144,happy
3215,happy
32177,happy
32248,happy
32344,happy
32354,surprise
32372,happy
32377,happy
32382,neutral
32388,happy
32402,happy
32439,happy
3245,surprise
325,happy
3250,happy
32541,happy
32544,happy
32568,happy
32570,surprise
32574,happy
32595,happy
3260,fear
32607,happy
32614,happy
32624,sad
32627,happy
32684,angry
32725,happy
32763,happy
32769,happy
32773,happy
3278,happy
32796,happy
32826,happy
32835,happy
32837,happy
32838,happy
32849,disgust
32913,happy
32917,happy
32950,happy
32952,happy
32953,happy
32958,happy
32973,happy
32993,happy
32997,happy
32998,happy
33016,neutral
33017,happy
33024,happy
33046,happy
33065,happy
33066,happy
33071,neutral
33084,happy
33091,happy
33094,happy
331,happy
3313,happy
33144,happy
33174,happy
33175,happy
3318,fear
33188,happy
33212,happy
33216,happy
33228,happy
33231,neutral
33240,angry
33268,angry
33283,happy
333,happy
33319,happy
33320,neutral
33322,happy
33326,surprise
33343,happy
33357,happy
33366,happy
33375,happy
33407,happy
33423,happy
33455,disgust
33460,happy
33463,happy
33518,happy
33525,happy
33530,happy
33533,happy
33544,neutral
33564,happy
33610,happy
33648,angry
33660,happy
33675,happy
33690,happy
33727,happy
33757,happy
33762,happy
33802,happy
33807,neutral
33842,happy
33853,happy
33874,happy
33915,happy
33917,happy
33933,happy
33938,happy
33981,happy
34015,happy
34049,happy
34057,happy
34098,happy
3410,happy
34102,happy
3411,fear
34119,happy
34129,happy
3414,happy
34170,happy
34219,happy
3422,happy
34226,happy
34234,happy
34244,happy
34257,happy
34295,happy
34302,happy
3431,happy
34316,happy
34361,happy
34375,happy
34386,happy
34397,happy
34412,happy
34435,happy
34437,happy
34464,happy
34468,happy
3447,angry
34471,happy
34483,happy
34498,happy
34510,neutral
3452,happy
34567,happy
34569,happy
34585,happy
34599,happy
34600,happy
34644,happy
34645,happy
34649,angry
3465,happy
34688,happy
34720,happy
34724,happy
34737,happy
34753,happy
34756,happy
34759,happy
34761,happy
34768,happy
34772,happy
34829,happy
34836,happy
34840,happy
34841,happy
34861,happy
34941,happy
34965,happy
34969,happy
34978,fear
35101,happy
35117,happy
35142,happy
35153,happy
35163,neutral
35177,happy
35199,happy
35200,happy
35209,happy
35226,neutral
35291,happy
35321,happy
35341,sad
35346,happy
35364,happy
35369,happy
35370,happy
35372,happy
3538,happy
3543,happy
35454,happy
35481,happy
35497,happy
35520,neutral
35536,happy
35547,happy
35552,disgust
35559,fear
35582,happy
35598,happy
356,neutral
35603,happy
35659,angry
35664,happy
35677,happy
35685,happy
35698,happy
3570,neutral
35707,happy
35721,happy
35724,sad
3574,fear
35767,happy
35771,happy
35787,neutral
35792,happy
35794,happy
35804,happy
35850,happy
35856,happy
35860,happy
35869,happy
3590,happy
3647,neutral
366,happy
3662,happy
3663,happy
370,happy
3755,surprise
3763,happy
3766,neutral
3772,happy
3811,neutral
3818,happy
3842,happy
3875,happy
3891,angry
3906,angry
3958,angry
3959,neutral
3969,happy
3977,angry
3978,happy
3982,surprise
4029,happy
4041,happy
4084,happy
4090,happy
4094,happy
41,neutral
4107,surprise
4114,fear
4133,happy
4156,angry
4159,happy
4165,happy
4169,happy
4174,happy
4182,happy
4185,happy
4226,neutral
4248,happy
4264,happy
4269,happy
4284,happy
4295,neutral
4345,surprise
4363,happy
4366,neutral
440,happy
4433,happy
446,happy
4480,happy
4485,neutral
4492,happy
4506,happy
4526,happy
4549,happy
4558,happy
4576,happy
4580,happy
4589,happy
4606,happy
4607,happy
4620,happy
4634,happy
4640,happy
4649,happy
4653,surprise
4666,neutral
478,neutral
4786,happy
4791,sad
4797,surprise
4803,happy
4814,happy
4827,happy
4832,happy
4849,happy
485,happy
487,happy
4910,happy
4948,angry
4980,happy
4988,happy
4996,happy
5006,happy
5008,happy
5048,happy
5062,happy
5089,angry
5102,happy
5127,happy
5154,neutral
5176,happy
5209,happy
5264,happy
5269,happy
527,happy
5278,happy
5279,happy
5289,happy
5293,sad
5303,happy
531,neutral
5318,neutral
5340,happy
5356,happy
5417,happy
5445,happy
5452,happy
5468,happy
5477,happy
5490,neutral
5493,happy
5523,happy
553,happy
5548,happy
5558,neutral
5594,happy
5618,happy
5674,happy
568,happy
5694,happy
5705,happy
5714,happy
5719,happy
5753,happy
5766,neutral
5783,happy
5797,happy
5800,happy
5807,happy
5812,happy
5835,happy
5857,happy
5891,happy
5904,happy
5919,neutral
594,happy
5942,happy
5954,happy
5968,surprise
5977,happy
5988,happy
6029,happy
6045,happy
6052,happy
6095,happy
6110,happy
6123,happy
613,happy
6136,sad
6169,happy
6175,happy
6183,happy
62,happy
620,happy
6206,happy
6217,happy
6246,happy
6272,happy
628,neutral
629,happy
6368,happy
6378,happy
639,happy
6394,happy
6403,happy
6416,happy
6444,happy
6457,happy
6473,happy
6500,happy
6522,happy
6532,neutral
655,happy
657,happy
6577,happy
659,disgust
6603,surprise
6616,neutral
6677,angry
6686,happy
6689,happy
6691,happy
6700,happy
6703,neutral
674,happy
6744,neutral
6759,happy
6776,angry
6784,angry
6792,surprise
681,neutral
6811,happy
6818,happy
6865,happy
690,happy
6914,happy
6928,surprise
693,neutral
6935,happy
6977,happy
6989,happy
7017,neutral
7020,happy
7026,happy
7029,happy
7065,happy
7080,happy
7100,happy
7116,happy
7159,happy
7162,happy
7191,happy
7200,happy
721,happy
7244,happy
7245,happy
7292,angry
7299,happy
7333,happy
7335,happy
7366,happy
7379,happy
738,angry
7392,happy
7413,happy
7425,angry
7441,happy
7511,neutral
7531,happy
7532,happy
7537,angry
7548,happy
7561,happy
7590,happy
7603,happy
7659,fear
7664,happy
7672,happy
7674,happy
7680,happy
7700,happy
7702,happy
7712,happy
7713,happy
7737,happy
774,happy
7753,happy
7762,happy
7804,happy
7813,happy
7815,happy
7827,happy
7845,happy
7881,happy
7892,sad
7905,happy
7916,fear
7948,happy
7975,happy
7986,happy
8,happy
80,happy
8020,happy
8027,happy
8034,happy
8049,happy
8065,happy
8082,happy
8086,disgust
8089,happy
817,happy
8188,happy
8228,happy
8268,happy
8276,happy
8284,happy
8293,happy
8301,happy
8303,happy
8316,happy
8322,neutral
8331,happy
8334,happy
8338,happy
8355,happy
8424,happy
8434,happy
8449,happy
8457,happy
8473,happy
8539,happy
8548,happy
8559,happy
856,happy
8649,happy
8657,angry
8662,happy
8677,happy
8682,happy
8691,surprise
8704,happy
873,happy
8753,happy
8756,neutral
8762,happy
880,angry
8820,happy
8861,happy
8864,happy
8886,happy
8915,happy
8940,happy
895,happy
8960,happy
897,happy
898,happy
8993,happy
9005,happy
906,happy
9060,happy
9070,happy
9071,happy
9085,happy
9094,happy
9147,happy
915,fear
9152,happy
9167,happy
9174,happy
9180,happy
9202,happy
9206,happy
9222,happy
9246,sad
9272,happy
9286,happy
9371,happy
9392,happy
9412,neutral
9416,happy
942,happy
9437,happy
9442,happy
9476,happy
9486,happy
951,happy
9538,happy
9542,happy
9570,happy
9571,happy
9598,neutral
9599,happy
9605,neutral
9640,happy
9687,happy
973,happy
9774,happy
9800,neutral
9833,happy
9845,happy
9865,happy
9890,happy
9893,happy
9897,happy
9901,angry
9933,angry
9977,happy
9979,happy
9984,surprise
10033,neutral
10048,neutral
10068,neutral
10117,angry
10118,neutral
10134,neutral
10150,happy
10247,neutral
10266,neutral
10346,angry
10406,neutral
1045,neutral
10512,neutral
10518,neutral
10533,neutral
10535,angry
10549,neutral
10624,neutral
10634,sad
10653,neutral
10676,neutral
10693,angry
10715,angry
10741,neutral
10774,neutral
10787,sad
10902,neutral
10906,sad
10916,neutral
10926,neutral
1093,neutral
1094,neutral
1101,sad
11022,neutral
11032,surprise
11034,neutral
11038,sad
11055,neutral
11065,sad
11098,neutral
11108,neutral
11130,sad
11168,neutral
11180,neutral
112,neutral
11213,neutral
11218,angry
11233,neutral
11251,neutral
1126,neutral
11269,sad
11277,sad
11278,sad
11317,neutral
11358,neutral
11390,fear
11395,neutral
1142,neutral
11448,neutral
11462,neutral
11491,neutral
11518,neutral
11560,neutral
11603,neutral
11654,neutral
11660,neutral
11686,neutral
11689,neutral
11725,angry
11738,angry
11783,neutral
11818,neutral
11823,neutral
11834,neutral
11872,neutral
11875,neutral
11889,neutral
1189,neutral
11913,neutral
11928,neutral
11977,happy
12042,neutral
1206,angry
12090,neutral
12096,neutral
12100,neutral
12106,neutral
12116,neutral
12117,neutral
12162,sad
12173,neutral
1220,neutral
12202,sad
12215,neutral
1222,neutral
1227,neutral
12272,neutral
12289,fear
12319,neutral
12361,neutral
12363,neutral
12366,sad
12407,sad
12423,neutral
1248,neutral
12500,neutral
12508,neutral
12519,sad
12569,happy
12647,fear
12801,neutral
12852,neutral
12869,neutral
12879,neutral
12885,happy
12933,neutral
12976,sad
1300,happy
13047,sad
1313,neutral
13161,angry
13164,angry
13188,neutral
13212,neutral
13237,fear
13242,neutral
1328,disgust
13337,neutral
1336,neutral
1339,neutral
13409,neutral
13411,neutral
13424,neutral
13430,neutral
13433,neutral
13441,neutral
13467,neutral
13498,neutral
135,neutral
13531,neutral
13586,angry
13603,sad
13619,sad
13633,sad
13644,neutral
13653,surprise
13670,neutral
13692,sad
13695,neutral
13800,neutral
13808,neutral
13825,surprise
13834,neutral
13843,neutral
13897,neutral
13909,angry
14047,neutral
1407,neutral
1411,angry
14113,neutral
14135,sad
14154,angry
14170,neutral
14174,neutral
14175,neutral
14187,neutral
14190,angry
14224,neutral
14342,neutral
14352,neutral
14362,angry
14406,neutral
14436,neutral
14481,angry
14487,neutral
14495,surprise
14496,neutral
14513,sad
14542,neutral
14550,angry
14564,sad
14641,neutral
14645,happy
14671,neutral
14703,neutral
14717,neutral
14741,neutral
14859,neutral
14867,neutral
14929,neutral
1493,neutral
14957,neutral
14980,neutral
15007,neutral
15013,fear
15044,neutral
15070,neutral
15102,neutral
15106,neutral
15120,neutral
15121,fear
15132,sad
15168,neutral
15193,neutral
15207,neutral
15210,neutral
15220,sad
15248,neutral
15293,neutral
15333,angry
15334,sad
15350,neutral
15366,neutral
15387,neutral
15405,angry
15441,neutral
15445,neutral
15459,neutral
15529,neutral
15536,fear
15568,neutral
15570,angry
15611,angry
15634,fear
15638,fear
15651,angry
15686,neutral
15713,neutral
15716,sad
15717,neutral
1572,surprise
15721,neutral
15824,neutral
15847,neutral
15890,neutral
15904,neutral
15932,sad
15963,neutral
16019,fear
16094,fear
16101,neutral
16143,happy
16196,neutral
16257,neutral
16324,neutral
16329,neutral
16350,neutral
16363,sad
16389,fear
16419,neutral
16463,sad
16464,angry
16476,neutral
16478,neutral
16508,fear
1656,neutral
16569,sad
16570,sad
16575,neutral
16685,neutral
1669,neutral
16696,angry
16714,neutral
1675,neutral
16817,neutral
16823,neutral
1683,neutral
16845,neutral
1685,neutral
16860,neutral
1688,angry
16890,neutral
16964,happy
16969,angry
16989,angry
17015,neutral
17018,neutral
17028,neutral
17131,neutral
1716,neutral
17163,neutral
17212,neutral
17231,neutral
17251,angry
17267,fear
17273,neutral
17276,neutral
17295,neutral
17318,neutral
17345,sad
17359,neutral
1737,neutral
1738,fear
17417,happy
17424,neutral
17538,neutral
17555,neutral
17563,neutral
17582,angry
1759,angry
17598,neutral
17695,neutral
17702,neutral
17790,neutral
17815,neutral
17837,neutral
1785,neutral
17886,neutral
17973,neutral
17980,neutral
18035,neutral
18130,angry
18168,angry
18181,surprise
1819,sad
18208,happy
18223,neutral
18281,neutral
18288,neutral
1830,neutral
18301,neutral
18312,neutral
18321,neutral
18339,neutral
1835,neutral
18388,neutral
18389,neutral
18431,neutral
18469,sad
18497,neutral
18545,neutral
18554,neutral
18658,neutral
18687,angry
18703,neutral
18708,neutral
18725,happy
1874,happy
18778,neutral
18791,neutral
18803,neutral
18825,neutral
18909,surprise
1892,neutral
18926,neutral
1897,neutral
18973,happy
18986,neutral
19009,neutral
19131,neutral
19181,happy
19204,neutral
19214,neutral
19234,surprise
19259,neutral
19329,neutral
19340,surprise
19373,neutral
19390,neutral
19411,neutral
19435,sad
19495,sad
19533,neutral
19549,happy
19571,sad
19581,neutral
19590,neutral
19591,neutral
19609,neutral
19615,neutral
19643,neutral
1972,neutral
19793,neutral
19797,neutral
19829,neutral
19855,sad
19863,neutral
1988,neutral
19953,neutral
19983,neutral
19993,happy
20008,neutral
20019,neutral
20028,neutral
20036,neutral
201,sad
20150,neutral
20157,neutral
2019,happy
20223,neutral
20257,neutral
20272,neutral
20274,angry
20289,neutral
20360,angry
20372,angry
20416,neutral
20432,neutral
2044,neutral
20514,happy
20517,neutral
2053,sad
20549,neutral
20588,sad
20603,surprise
20621,neutral
20665,neutral
20670,angry
2068,surprise
20680,sad
20737,neutral
20814,neutral
20833,neutral
20856,angry
20875,neutral
20892,angry
20893,sad
20933,neutral
20948,neutral
21025,sad
21030,neutral
21092,neutral
21104,neutral
21150,fear
21166,neutral
21167,neutral
21199,neutral
21210,neutral
21265,neutral
21311,neutral
21314,neutral
2133,neutral
21337,neutral
21351,angry
21377,neutral
21386,sad
21393,neutral
21404,neutral
21451,neutral
21455,fear
21470,neutral
21475,sad
2149,neutral
21557,neutral
2156,neutral
21589,neutral
21638,happy
21658,neutral
21663,happy
21695,neutral
217,neutral
2172,neutral
21730,angry
21752,fear
21794,neutral
21812,sad
21817,sad
21822,neutral
21852,surprise
21862,neutral
21880,neutral
21962,neutral
21971,sad
22023,sad
22028,neutral
2207,angry
22088,neutral
22091,neutral
22095,neutral
22123,neutral
2216,neutral
2223,neutral
22267,neutral
2227,neutral
22292,neutral
22325,neutral
22336,neutral
22354,neutral
22357,surprise
22403,neutral
22410,neutral
22442,neutral
22457,neutral
22482,neutral
22508,sad
22517,neutral
22571,angry
22576,neutral
22587,neutral
22617,neutral
22627,neutral
22655,neutral
22688,neutral
22691,neutral
22720,neutral
2273,sad
22774,neutral
22787,neutral
2279,neutral
22820,neutral
22867,neutral
22886,neutral
22916,neutral
22924,neutral
22974,sad
22987,neutral
22992,neutral
23012,neutral
2303,sad
23039,neutral
23057,neutral
23103,neutral
23119,neutral
23167,sad
23172,neutral
23186,neutral
23204,neutral
23216,happy
23224,fear
23244,neutral
23272,angry
23291,neutral
23343,neutral
23348,neutral
23396,neutral
23457,neutral
23470,neutral
23487,neutral
23565,neutral
23609,neutral
23623,neutral
23634,neutral
23666,neutral
23691,neutral
23722,neutral
23725,neutral
23741,happy
23794,surprise
23858,neutral
23869,neutral
23929,neutral
24003,fear
24051,neutral
24065,neutral
24101,neutral
24104,neutral
24105,neutral
24156,neutral
24175,neutral
24182,neutral
24187,neutral
24232,sad
2427,fear
24347,neutral
24358,neutral
2443,neutral
24443,neutral
24531,happy
24573,neutral
24575,neutral
2458,happy
24725,neutral
24768,neutral
24774,angry
24779,neutral
24785,neutral
24798,happy
24815,angry
24820,neutral
24877,neutral
24912,neutral
24931,fear
24962,neutral
24964,sad
25007,neutral
25018,sad
25021,neutral
25078,neutral
25089,neutral
25099,neutral
2510,neutral
25151,neutral
25295,neutral
25318,neutral
2535,neutral
25372,fear
25391,neutral
25401,neutral
25409,neutral
25451,neutral
25497,sad
25507,neutral
25520,angry
25537,angry
25573,neutral
25593,neutral
25615,neutral
25627,neutral
25635,neutral
2564,neutral
25668,angry
25678,neutral
25682,neutral
25685,neutral
25695,neutral
25701,angry
25723,neutral
25743,neutral
25773,neutral
25797,neutral
25800,neutral
25810,neutral
25818,angry
25841,sad
2588,happy
25895,neutral
25915,neutral
25919,neutral
25969,neutral
25978,neutral
25979,sad
25994,neutral
26016,happy
26023,happy
26041,angry
26049,neutral
26056,angry
26067,neutral
26069,neutral
26081,sad
2613,neutral
26134,angry
26161,angry
26187,neutral
26190,neutral
26192,surprise
26200,neutral
26209,neutral
26223,neutral
26227,neutral
26237,neutral
26318,neutral
26364,neutral
26411,happy
26453,neutral
26464,neutral
26495,neutral
26539,sad
26647,neutral
26654,neutral
26682,angry
26715,neutral
26767,neutral
2677,neutral
26771,sad
26833,neutral
26839,neutral
26851,neutral
26892,happy
26901,neutral
26961,neutral
2699,neutral
2710,neutral
27115,surprise
27190,happy
27218,neutral
27229,happy
2727,surprise
27299,neutral
273,neutral
27306,neutral
27329,neutral
27405,neutral
27465,neutral
2747,happy
2750,neutral
2753,neutral
27533,happy
27594,neutral
27597,angry
2761,neutral
27642,neutral
27646,neutral
27650,neutral
27683,surprise
27692,neutral
27752,sad
27767,sad
27864,neutral
2792,neutral
27985,neutral
27995,neutral
28005,neutral
28007,happy
28014,neutral
28025,neutral
28084,sad
28153,surprise
28235,neutral
28251,neutral
28269,happy
28278,happy
2829,neutral
28298,neutral
28359,neutral
28471,neutral
28478,neutral
28480,surprise
28493,fear
28499,neutral
28507,surprise
28517,neutral
28531,neutral
28535,happy
28539,neutral
28546,neutral
28549,neutral
28642,neutral
28681,neutral
2871,neutral
28723,neutral
28769,neutral
28782,happy
28836,neutral
28842,neutral
28846,happy
28854,neutral
28951,neutral
29009,angry
2901,angry
29099,neutral
29129,neutral
2914,happy
29216,neutral
29246,neutral
29256,sad
29311,sad
29324,neutral
29388,neutral
29403,happy
29428,neutral
29438,happy
29484,surprise
29500,angry
29505,neutral
29525,neutral
2953,angry
29556,neutral
29559,neutral
2957,neutral
29608,neutral
29609,neutral
2962,sad
29637,neutral
29664,sad
29694,neutral
29758,angry
2978,neutral
29794,neutral
2984,neutral
29840,neutral
29848,sad
29893,neutral
29916,neutral
29921,sad
29944,neutral
2995,neutral
2998,fear
30053,neutral
30121,sad
30167,neutral
30197,angry
30220,neutral
30345,neutral
30346,neutral
30371,sad
30374,neutral
30422,neutral
3050,neutral
3051,neutral
30530,sad
30543,neutral
30546,angry
30581,neutral
30713,neutral
30786,disgust
30850,neutral
30976,sad
31057,neutral
31123,neutral
31132,angry
31139,neutral
3115,neutral
31164,neutral
31189,neutral
3123,neutral
31240,neutral
31257,neutral
31263,neutral
31307,angry
31332,angry
31347,neutral
31371,neutral
31373,neutral
31478,neutral
31483,neutral
31486,angry
31546,angry
31561,neutral
31591,neutral
31713,surprise
3174,neutral
31774,neutral
31820,happy
31869,sad
3191,neutral
31949,neutral
31997,sad
3204,neutral
32071,angry
32081,neutral
3221,sad
32216,neutral
32321,neutral
32330,neutral
32355,neutral
32360,neutral
32371,neutral
32391,neutral
32443,neutral
32445,neutral
32467,neutral
3247,surprise
32479,fear
32508,neutral
32516,neutral
32547,neutral
32587,neutral
32605,neutral
32636,happy
32671,neutral
32683,angry
32730,neutral
3276,happy
32778,fear
32782,neutral
32792,neutral
32817,neutral
32855,angry
32870,neutral
32905,sad
32914,sad
32935,neutral
32939,neutral
32965,sad
32972,surprise
32978,neutral
33005,angry
33013,happy
33022,neutral
33031,neutral
33049,neutral
33052,disgust
33100,neutral
33124,neutral
33159,neutral
33182,disgust
33219,sad
33243,surprise
33255,neutral
33317,neutral
33346,neutral
33381,neutral
33399,sad
33452,neutral
33468,neutral
33471,neutral
33514,neutral
33526,neutral
33609,sad
33642,neutral
33699,neutral
33710,neutral
3375,neutral
33785,neutral
33794,neutral
33813,happy
33819,neutral
33856,neutral
33858,neutral
33863,neutral
33865,neutral
33870,neutral
33880,neutral
33894,sad
3395,sad
33965,neutral
33999,happy
34037,neutral
3404,neutral
34059,neutral
34088,surprise
34093,neutral
34131,sad
34161,neutral
34269,happy
34272,neutral
34279,neutral
34308,neutral
34324,neutral
34335,neutral
34513,neutral
34526,neutral
34530,neutral
34539,neutral
34555,neutral
34598,angry
34612,neutral
34673,neutral
34685,neutral
34854,neutral
34870,neutral
34875,neutral
34920,neutral
34979,neutral
3502,fear
35034,angry
35075,neutral
35108,neutral
35129,neutral
35183,sad
35216,neutral
35229,neutral
35241,neutral
35255,neutral
35267,angry
35332,neutral
3535,neutral
35356,neutral
3537,neutral
35400,neutral
35408,neutral
35484,neutral
35546,neutral
35576,neutral
35628,neutral
35657,sad
3566,neutral
35704,neutral
3575,neutral
35754,happy
35755,sad
35764,neutral
35775,surprise
35802,neutral
35852,neutral
3600,sad
3610,sad
3700,neutral
3729,neutral
3792,fear
3795,sad
3899,neutral
3909,neutral
3929,neutral
3932,angry
3953,neutral
3986,neutral
405,neutral
4062,neutral
4124,neutral
4137,neutral
4194,sad
4223,neutral
4242,surprise
4314,neutral
4328,neutral
4339,neutral
4372,neutral
4380,neutral
4394,neutral
44,neutral
4443,neutral
4449,neutral
449,surprise
4552,angry
4553,neutral
4563,neutral
4573,neutral
4574,angry
4672,sad
4748,neutral
4752,sad
4770,neutral
4777,sad
4802,neutral
4825,neutral
4829,neutral
4868,neutral
4870,surprise
4883,neutral
4888,neutral
4935,neutral
4953,angry
4998,neutral
5046,fear
5053,neutral
5073,neutral
508,neutral
5087,neutral
5110,happy
5116,neutral
5170,neutral
5186,sad
5258,neutral
5267,happy
5323,neutral
5345,neutral
5361,neutral
5385,neutral
541,neutral
542,neutral
5444,happy
5446,happy
5449,neutral
547,neutral
551,sad
5527,neutral
5536,neutral
5549,neutral
5561,fear
5591,neutral
5651,neutral
5687,neutral
5695,neutral
5708,neutral
5713,neutral
5715,neutral
5724,neutral
5748,angry
5749,neutral
5784,neutral
5792,neutral
5811,neutral
5831,neutral
584,happy
5853,neutral
5865,neutral
5912,angry
5931,sad
5953,sad
596,neutral
5976,happy
5984,neutral
60,neutral
601,neutral
6078,neutral
6103,neutral
615,sad
6158,neutral
6180,neutral
6193,neutral
6236,neutral
6343,neutral
6351,neutral
6388,neutral
6397,sad
6412,sad
644,neutral
649,neutral
6502,neutral
651,neutral
6527,neutral
6599,neutral
662,neutral
6664,neutral
6710,sad
673,neutral
6813,neutral
6836,neutral
6842,neutral
6869,angry
6891,neutral
6934,neutral
7008,neutral
7009,neutral
7077,angry
7092,fear
7110,neutral
7131,angry
7198,neutral
7220,neutral
7239,neutral
7254,neutral
7273,neutral
7274,neutral
7348,fear
7361,angry
7376,neutral
7398,neutral
7462,neutral
7466,neutral
7490,neutral
7551,neutral
7571,neutral
7588,neutral
7599,angry
7630,neutral
766,sad
767,neutral
7717,neutral
7755,neutral
7765,neutral
7772,neutral
7773,neutral
7788,fear
7823,sad
7831,neutral
7871,happy
7903,neutral
7932,neutral
7953,sad
8003,happy
8054,neutral
8076,neutral
8083,neutral
8105,neutral
8141,neutral
8179,neutral
8211,neutral
8216,sad
8233,neutral
8247,neutral
8262,neutral
8264,angry
8280,neutral
8295,neutral
8347,sad
8352,sad
8373,neutral
838,neutral
8389,neutral
8392,neutral
841,neutral
8410,happy
8471,sad
8483,sad
8498,neutral
8516,sad
8536,neutral
855,neutral
8599,angry
8687,neutral
8694,neutral
8724,neutral
8763,neutral
8768,happy
8782,neutral
8788,angry
8802,surprise
8842,neutral
8862,sad
8863,sad
8868,neutral
8880,happy
891,sad
8919,neutral
8946,neutral
8976,neutral
8980,neutral
9011,neutral
9016,neutral
9046,neutral
9050,neutral
9069,neutral
9099,neutral
9128,neutral
913,angry
9149,neutral
917,neutral
9170,neutral
9209,sad
9221,happy
9235,neutral
9252,neutral
9273,surprise
9276,neutral
9288,neutral
9292,neutral
9324,neutral
9335,neutral
9355,neutral
9356,neutral
9360,neutral
9381,sad
9415,neutral
9420,neutral
9434,neutral
9453,neutral
9473,neutral
9477,neutral
9507,neutral
9543,neutral
9611,neutral
9701,neutral
9712,fear
9718,neutral
9773,neutral
9803,sad
9838,sad
9867,neutral
9874,neutral
9936,neutral
9975,neutral
9982,happy
9993,neutral
10004,angry
1003,sad
10031,neutral
10073,neutral
10114,fear
10116,disgust
10171,neutral
10172,sad
10176,sad
1022,sad
10252,neutral
1026,sad
10339,sad
10352,sad
10375,happy
10383,fear
10386,sad
10423,angry
10425,neutral
10455,sad
10561,sad
10607,sad
10620,sad
10655,surprise
10686,sad
10694,fear
10713,neutral
10769,neutral
1078,sad
10871,sad
10881,neutral
10919,sad
11025,sad
11026,sad
11031,sad
11100,neutral
11138,neutral
11140,disgust
11163,angry
11192,sad
11209,sad
11234,sad
11241,neutral
11264,neutral
11280,sad
11284,neutral
11295,surprise
11316,neutral
11346,angry
11398,neutral
1148,sad
115,sad
11523,sad
1156,surprise
11581,sad
11582,neutral
11601,sad
11626,angry
11640,happy
11662,neutral
11722,neutral
1173,happy
11746,sad
11790,sad
11794,sad
11836,sad
11867,neutral
11876,sad
11880,neutral
11891,sad
11909,angry
11966,sad
11978,sad
1198,neutral
12040,sad
12074,sad
12092,angry
12113,neutral
12119,sad
12190,sad
12246,neutral
12267,neutral
12318,fear
12364,angry
12498,sad
12512,neutral
12524,sad
12547,sad
12591,sad
12594,sad
12621,sad
1264,happy
12648,angry
12659,neutral
12661,sad
12702,sad
12758,surprise
12791,neutral
12818,sad
12827,angry
12899,sad
12958,neutral
1298,neutral
13000,sad
13027,sad
13051,neutral
13091,fear
13150,fear
13162,sad
13180,sad
13187,sad
13293,fear
13296,sad
13339,sad
13380,sad
13421,sad
13483,sad
13488,sad
13505,neutral
13510,sad
1353,sad
13562,sad
13575,sad
13598,angry
13631,neutral
1364,happy
13666,sad
13714,sad
13726,sad
13793,sad
13801,sad
13812,sad
13852,sad
13870,neutral
13888,neutral
13907,sad
13940,fear
13979,sad
13983,neutral
14048,sad
14070,neutral
14106,neutral
14122,surprise
14127,sad
14136,sad
1420,sad
14208,fear
14226,sad
14250,sad
14346,neutral
14384,sad
14388,neutral
14459,angry
14464,angry
14472,sad
14474,neutral
14484,fear
14494,sad
14505,happy
14522,neutral
14524,sad
14561,fear
14572,angry
14574,sad
14578,sad
14682,sad
14696,fear
14729,sad
1482,neutral
14835,neutral
14836,angry
15052,angry
15078,neutral
15090,sad
15129,sad
15145,sad
15167,fear
15169,sad
15192,neutral
15208,fear
15289,fear
15294,disgust
1536,angry
15365,neutral
15373,angry
15436,sad
15447,neutral
15462,sad
15468,neutral
15484,sad
1549,neutral
15534,neutral
15535,sad
15565,neutral
15580,neutral
15592,happy
1560,neutral
15613,sad
15642,fear
15657,disgust
15696,neutral
15697,sad
15795,neutral
15867,sad
15909,sad
15929,sad
16003,neutral
16010,sad
16053,sad
16056,happy
16075,sad
16087,sad
16125,sad
16151,neutral
16208,sad
16304,sad
16338,neutral
16387,disgust
16388,angry
16405,fear
16443,neutral
1645,neutral
16475,fear
16535,sad
16558,angry
16645,fear
16706,sad
16710,sad
16776,angry
1678,sad
16787,neutral
16798,sad
16821,sad
16837,neutral
16839,sad
16863,neutral
16895,sad
16938,sad
16962,neutral
16985,neutral
17003,angry
17011,sad
17100,neutral
17128,sad
172,angry
17206,angry
17215,angry
17237,sad
17248,sad
17257,sad
17275,angry
17279,sad
17293,sad
17297,neutral
17331,neutral
17341,neutral
17363,fear
17426,neutral
17432,neutral
1751,neutral
17518,sad
17597,neutral
17607,neutral
17625,fear
17662,neutral
17666,neutral
17678,disgust
17713,sad
17717,angry
1772,neutral
17730,sad
17746,sad
17763,neutral
17767,fear
17775,sad
1778,angry
17784,neutral
17794,neutral
17887,sad
17912,fear
18047,sad
18067,sad
18101,fear
18120,fear
18180,sad
18193,neutral
18260,sad
18270,neutral
18300,sad
18345,sad
18349,neutral
18361,neutral
18367,sad
18381,sad
18457,neutral
18475,sad
1854,sad
18550,sad
18573,neutral
18610,sad
18732,sad
18734,neutral
18842,neutral
18855,fear
18872,sad
18888,neutral
18897,angry
1891,neutral
18914,angry
18927,sad
1896,sad
18962,disgust
19029,fear
19049,neutral
19082,sad
19084,sad
19095,sad
19145,neutral
19165,neutral
19179,neutral
1926,angry
19274,neutral
19285,sad
19303,sad
1931,neutral
19364,neutral
1937,angry
19384,fear
19422,sad
19461,neutral
19470,neutral
19486,sad
19531,disgust
19535,angry
19578,surprise
19607,sad
19663,neutral
19674,fear
1973,sad
19731,neutral
19785,sad
19799,neutral
19861,angry
19864,sad
19880,angry
19893,sad
19934,fear
19969,neutral
19973,neutral
19975,sad
20,sad
20072,sad
20073,sad
20104,sad
20171,sad
20192,fear
20193,neutral
20217,sad
20301,sad
20313,neutral
2039,sad
20395,neutral
20400,neutral
20468,angry
20469,angry
20511,neutral
20560,sad
20563,sad
20589,neutral
20650,sad
20656,sad
20667,angry
20750,sad
2084,sad
20908,neutral
2091,surprise
20964,neutral
20979,sad
21005,sad
21029,angry
21036,fear
21078,fear
21082,neutral
21201,sad
21221,angry
21249,angry
21275,sad
21282,neutral
21312,fear
21324,sad
21428,sad
21434,fear
21531,sad
21535,sad
21549,neutral
2157,sad
21632,sad
21666,sad
21681,sad
21715,angry
21720,angry
2176,sad
21766,neutral
21769,neutral
21968,angry
21978,sad
21988,sad
22004,sad
22032,neutral
22051,neutral
22067,sad
22117,sad
22241,sad
22255,happy
22271,happy
22319,angry
22335,angry
2238,happy
2239,sad
22390,sad
22416,sad
22419,fear
22448,angry
22449,sad
22452,sad
22521,sad
2256,sad
22602,angry
22619,sad
22631,neutral
22651,sad
22690,neutral
22704,neutral
22761,sad
22765,surprise
22766,sad
2278,neutral
22808,angry
22816,neutral
22937,neutral
22961,angry
22977,fear
22989,neutral
23054,angry
23060,sad
231,sad
2312,angry
23220,sad
23297,sad
23304,sad
23341,sad
23374,sad
23407,neutral
23430,sad
23452,sad
23471,angry
23483,neutral
23507,angry
23542,sad
23549,sad
23562,neutral
23584,happy
23601,neutral
23654,sad
23658,sad
2367,neutral
23675,neutral
23700,angry
23715,sad
23748,sad
23760,sad
23764,neutral
23779,angry
23781,sad
23792,angry
23817,fear
23829,sad
23832,sad
23853,sad
23884,sad
23901,sad
23905,neutral
23915,sad
23945,neutral
23948,sad
23965,sad
23968,sad
23978,angry
23991,sad
24013,sad
24057,angry
24066,neutral
24087,angry
2412,sad
24133,fear
24160,fear
24168,sad
24173,sad
2418,neutral
24183,sad
24217,fear
24239,disgust
24247,sad
2431,sad
24329,neutral
24363,sad
24384,neutral
24420,sad
24421,sad
24460,neutral
24473,sad
2451,sad
24543,disgust
24545,sad
24582,neutral
24643,sad
24664,sad
24736,angry
2476,sad
2478,sad
2485,neutral
24881,sad
24909,sad
24916,sad
2496,neutral
2499,neutral
2502,sad
25025,sad
25055,neutral
25087,neutral
25117,sad
25126,neutral
25211,neutral
25231,sad
25240,fear
25250,sad
25281,neutral
2530,sad
2533,fear
25330,neutral
25348,sad
25351,sad
25356,fear
25379,sad
25381,sad
2539,happy
25410,sad
25412,angry
25425,angry
2546,fear
25510,fear
25529,fear
25576,neutral
25582,sad
25597,fear
25632,angry
25643,sad
2565,angry
25819,neutral
25832,sad
25843,neutral
25920,neutral
25961,fear
25983,angry
25985,fear
26005,sad
26006,angry
26040,neutral
26079,neutral
2615,neutral
26198,sad
26249,neutral
26269,angry
26270,sad
26292,disgust
26304,neutral
26313,happy
26321,sad
2633,angry
26339,neutral
26346,happy
2635,sad
26355,sad
26368,sad
26378,fear
26398,disgust
26404,sad
26443,sad
26484,sad
26501,disgust
26543,happy
26566,sad
26573,neutral
26581,sad
26586,disgust
26600,neutral
26612,angry
26670,sad
26675,sad
26683,sad
26702,sad
26747,happy
26772,sad
26834,sad
2690,angry
26959,sad
26970,fear
27005,neutral
27027,sad
27035,sad
27052,sad
27117,sad
27124,neutral
27258,sad
27292,angry
27305,disgust
27350,fear
27400,sad
27410,neutral
27450,neutral
27461,sad
27471,neutral
2748,neutral
2751,sad
27518,sad
27522,sad
27561,sad
27562,neutral
27576,sad
27585,fear
27588,sad
27629,angry
27681,fear
27694,neutral
27719,sad
27759,neutral
27776,sad
27788,neutral
27810,neutral
2785,angry
27873,sad
2788,neutral
27887,fear
27913,sad
27948,surprise
27993,sad
28053,angry
28073,sad
28091,sad
28100,angry
28137,sad
28143,sad
28171,fear
28230,sad
28252,neutral
28272,sad
28294,sad
28296,sad
28396,sad
28424,sad
28426,angry
28465,fear
28552,sad
28555,sad
28568,angry
28596,neutral
28696,sad
28700,sad
28794,sad
28895,fear
28966,sad
2902,neutral
29058,angry
29082,sad
29112,happy
29121,sad
29150,angry
29194,fear
29226,sad
29243,angry
29295,sad
29298,fear
29305,sad
29318,sad
29322,fear
2934,neutral
29379,neutral
29383,neutral
2945,neutral
2950,neutral
29529,sad
29553,sad
29561,sad
29580,happy
29585,neutral
29617,sad
29622,disgust
29627,sad
29628,sad
29632,happy
29652,angry
29692,neutral
29703,sad
29756,sad
29757,sad
29792,happy
29819,angry
29835,sad
29875,disgust
29897,neutral
29936,angry
29937,sad
29941,sad
29970,neutral
29973,sad
29998,neutral
30001,angry
30035,sad
30045,angry
30056,sad
3007,neutral
30080,angry
30094,surprise
30104,sad
30118,sad
3012,sad
30144,neutral
30170,surprise
30181,sad
30219,sad
30251,fear
30274,neutral
30289,sad
30292,sad
30326,angry
30331,sad
30358,sad
30377,angry
30410,angry
30439,sad
30440,neutral
30462,angry
30541,neutral
30552,angry
3056,angry
30565,sad
3059,sad
30611,sad
3075,neutral
30763,neutral
30789,angry
30817,sad
30818,neutral
30853,angry
30867,sad
3088,angry
3094,neutral
31009,sad
31068,angry
31072,happy
31099,sad
31104,neutral
31113,sad
31149,neutral
3118,sad
312,neutral
31248,sad
31265,sad
31328,neutral
31367,sad
3139,neutral
31390,sad
31409,neutral
31424,sad
31506,neutral
31510,fear
31527,angry
31534,neutral
31634,sad
31643,sad
31653,sad
31663,neutral
31665,happy
31669,surprise
3169,sad
31712,surprise
31720,sad
31836,sad
31857,happy
3187,sad
32005,sad
32029,angry
3206,happy
32139,fear
32175,sad
32183,neutral
32189,sad
32202,sad
32268,neutral
32296,angry
32297,neutral
3235,angry
32383,neutral
32394,neutral
32422,fear
32565,sad
32580,angry
32582,neutral
32613,sad
3263,sad
32711,angry
32744,angry
32768,sad
32814,sad
32818,fear
32836,sad
32843,sad
32859,surprise
32861,surprise
32898,happy
32903,neutral
32911,angry
32932,sad
32982,sad
33089,sad
33152,neutral
33213,neutral
33227,fear
33247,neutral
33276,neutral
33295,fear
33302,angry
33331,neutral
33371,angry
33373,neutral
33421,neutral
33492,sad
33516,sad
33523,angry
33538,happy
33628,neutral
33636,happy
33640,sad
33686,sad
33691,neutral
33693,sad
33736,sad
33747,happy
3378,neutral
33780,sad
33786,neutral
3382,angry
33820,sad
33936,neutral
33962,sad
33988,sad
3403,neutral
34070,fear
34121,sad
34176,sad
34195,sad
34205,neutral
34242,neutral
34250,sad
3433,neutral
34387,neutral
34408,angry
34413,neutral
34427,angry
34477,sad
34509,surprise
34533,neutral
34605,sad
34610,neutral
34629,angry
34633,disgust
34679,sad
34694,angry
3477,neutral
34788,sad
34798,surprise
34799,neutral
34820,fear
34827,neutral
34905,angry
34913,sad
34917,sad
3492,angry
34945,angry
34985,sad
34988,sad
34991,fear
350,sad
35030,neutral
35039,sad
35043,sad
35058,sad
3506,sad
3508,sad
35116,sad
35131,sad
35148,sad
3518,sad
35192,sad
35214,neutral
35297,neutral
35318,disgust
35375,sad
35386,sad
35411,neutral
3546,neutral
35528,surprise
35567,sad
35605,fear
35615,fear
35639,neutral
35691,sad
35737,happy
35768,sad
35812,neutral
35873,sad
359,sad
3634,neutral
3653,disgust
3661,sad
3731,angry
3767,sad
3825,neutral
3855,sad
3869,neutral
3922,sad
3951,sad
3972,angry
3988,sad
4130,sad
4207,neutral
422,sad
4233,neutral
4274,fear
4381,fear
4389,neutral
4412,neutral
4415,neutral
4441,fear
4482,sad
4534,neutral
4572,sad
4594,neutral
4596,sad
4615,neutral
4624,sad
4697,sad
4714,sad
4734,neutral
4736,surprise
4764,sad
4771,sad
4811,surprise
4860,sad
4940,sad
4951,angry
4958,angry
4987,neutral
5004,sad
505,sad
5055,fear
5056,sad
5058,neutral
5061,sad
5100,angry
5101,sad
5107,disgust
5147,neutral
5166,neutral
5177,sad
5224,sad
5229,fear
5374,fear
5435,neutral
5466,angry
5560,neutral
5629,neutral
5642,neutral
5689,neutral
5710,neutral
580,sad
5836,fear
5910,sad
5995,angry
6025,sad
6033,sad
6109,sad
6137,sad
6149,sad
6187,sad
6215,sad
6265,fear
6304,sad
6312,sad
6353,sad
6400,fear
6449,sad
6459,angry
6467,sad
6492,angry
6521,angry
6529,disgust
6551,sad
6557,neutral
6563,disgust
6645,sad
6660,sad
6720,neutral
6735,sad
6771,sad
680,angry
6833,sad
6860,sad
688,fear
6897,sad
6901,neutral
6904,fear
6915,fear
6930,fear
6957,angry
6960,sad
6964,sad
70,sad
7030,disgust
7037,sad
7039,neutral
7119,fear
7121,neutral
7165,sad
7232,sad
7253,sad
7268,neutral
7275,fear
7287,sad
7301,happy
7337,sad
7371,neutral
7400,sad
7406,neutral
7430,sad
7475,neutral
7502,surprise
7536,happy
7566,sad
7569,neutral
761,sad
7618,sad
7623,neutral
7675,sad
7679,angry
7724,sad
7776,fear
7806,neutral
7848,sad
7877,fear
7878,neutral
7943,sad
7962,neutral
7963,disgust
7976,sad
798,fear
800,neutral
8039,angry
8056,sad
8098,neutral
8099,neutral
8102,neutral
8146,fear
8164,sad
8197,sad
8203,sad
822,fear
8223,sad
8238,sad
8252,sad
8266,sad
8333,sad
8390,sad
8430,sad
8525,fear
8580,neutral
8614,sad
8639,sad
8659,sad
8702,fear
8718,angry
8738,angry
8761,sad
8814,neutral
8834,neutral
8851,happy
8876,sad
8892,angry
8925,sad
8953,sad
8955,sad
8958,sad
9006,neutral
9028,fear
9066,sad
9073,sad
9082,sad
9087,fear
9119,angry
9142,angry
9171,sad
9219,sad
922,neutral
9238,fear
9267,sad
9327,neutral
9338,angry
9387,sad
9405,disgust
9454,sad
9457,neutral
9459,neutral
9463,neutral
9465,neutral
9498,happy
9508,neutral
9548,neutral
9689,sad
9693,sad
9713,neutral
9769,sad
977,sad
98,sad
9841,sad
9864,angry
987,sad
9885,sad
9889,neutral
9923,neutral
10056,surprise
10097,neutral
10162,surprise
10185,surprise
10246,surprise
10259,surprise
10268,surprise
10306,surprise
1033,surprise
10365,surprise
10372,surprise
10444,surprise
10545,surprise
10625,fear
10701,surprise
10734,surprise
10755,neutral
10768,surprise
10800,surprise
10813,surprise
10820,surprise
10837,surprise
10866,surprise
10909,fear
10931,surprise
10950,surprise
11000,surprise
11043,surprise
1107,neutral
11126,fear
11139,fear
1118,surprise
11302,surprise
11414,fear
11418,surprise
11429,sad
11451,surprise
11466,surprise
11589,surprise
11670,surprise
11721,surprise
1176,surprise
11786,surprise
11848,surprise
11865,surprise
11902,surprise
12086,angry
12107,surprise
12131,surprise
12134,surprise
12312,surprise
12320,fear
12338,surprise
1239,surprise
12463,surprise
12470,surprise
1249,surprise
12504,surprise
12529,fear
12551,surprise
12567,happy
12626,surprise
12684,happy
12723,surprise
12748,surprise
12768,surprise
12903,surprise
12924,happy
12960,fear
12973,happy
13009,surprise
13080,surprise
13101,angry
13145,surprise
13169,neutral
13203,surprise
13205,surprise
13230,surprise
13288,surprise
13460,surprise
13521,surprise
13622,surprise
13684,surprise
13740,surprise
1376,surprise
13837,surprise
13876,surprise
14080,surprise
14091,disgust
14115,surprise
14305,surprise
14331,surprise
14375,surprise
1449,surprise
1457,surprise
14647,surprise
14691,surprise
14697,surprise
14798,surprise
14914,surprise
14927,happy
14968,surprise
15008,surprise
15034,surprise
15037,happy
15047,surprise
15101,surprise
1515,surprise
15179,surprise
15238,surprise
15244,surprise
15263,surprise
15354,surprise
15378,surprise
15383,surprise
15416,surprise
15454,surprise
15467,surprise
15486,surprise
15487,surprise
15518,fear
15524,angry
15527,surprise
15533,surprise
15628,surprise
15635,happy
15788,fear
15802,surprise
1583,angry
15922,surprise
15944,surprise
16110,surprise
16133,surprise
16172,surprise
16229,surprise
16237,surprise
16280,surprise
16396,surprise
16415,disgust
16441,surprise
16507,surprise
16530,surprise
16646,surprise
16666,fear
16721,surprise
16756,surprise
16774,happy
16829,surprise
16886,fear
16901,surprise
16947,surprise
16959,surprise
16980,surprise
16995,surprise
17016,surprise
17019,neutral
17027,surprise
17044,surprise
1710,surprise
17137,surprise
17148,surprise
17157,angry
17161,surprise
17177,surprise
17205,surprise
17245,surprise
17290,surprise
17309,surprise
1735,surprise
17350,fear
17422,angry
17429,neutral
17433,surprise
1750,surprise
176,surprise
17610,surprise
1764,surprise
17693,surprise
17845,surprise
17906,angry
17919,surprise
17952,surprise
1800,surprise
18026,surprise
18038,surprise
18132,surprise
18198,surprise
18285,surprise
18313,surprise
18393,surprise
18436,surprise
18521,fear
18555,surprise
18577,surprise
18613,surprise
18615,fear
18619,surprise
18631,surprise
1864,surprise
18678,surprise
18706,surprise
18742,surprise
18862,surprise
18864,surprise
19051,surprise
1911,surprise
1914,surprise
19142,surprise
19177,surprise
19187,surprise
19267,surprise
19314,surprise
19362,surprise
19389,surprise
19431,surprise
1945,surprise
1952,neutral
19594,surprise
19601,surprise
19650,surprise
19665,surprise
19720,surprise
19755,surprise
19795,happy
1992,surprise
19972,surprise
20041,surprise
20146,surprise
20148,surprise
20162,surprise
20167,surprise
20262,surprise
20293,surprise
20369,surprise
20373,surprise
20387,surprise
20407,surprise
20467,surprise
20573,fear
20584,surprise
20594,angry
20664,sad
20691,surprise
20786,surprise
20855,surprise
20882,surprise
2090,surprise
20935,surprise
20947,happy
20967,angry
20989,surprise
21044,surprise
21072,surprise
21074,surprise
2114,surprise
21148,surprise
21151,fear
21153,surprise
21154,surprise
2119,surprise
21217,surprise
21233,surprise
21239,surprise
21299,surprise
21417,surprise
2146,sad
21461,surprise
21468,surprise
21545,surprise
21570,surprise
21578,surprise
21587,surprise
2168,surprise
2173,surprise
21807,fear
21824,surprise
21834,surprise
21887,surprise
21896,surprise
21906,surprise
2195,surprise
21973,surprise
21987,surprise
2200,surprise
22019,surprise
22025,surprise
22128,surprise
22131,surprise
22278,angry
2228,surprise
22305,surprise
22322,neutral
2234,surprise
22372,surprise
22497,surprise
22509,fear
22525,surprise
22666,surprise
22741,sad
22771,surprise
22864,sad
22921,surprise
23053,surprise
23151,surprise
23155,surprise
23328,surprise
23346,surprise
23386,surprise
23413,happy
23433,neutral
23661,surprise
23662,surprise
23739,surprise
23747,surprise
23751,surprise
23885,fear
23893,neutral
23917,surprise
23941,surprise
23943,neutral
23949,surprise
24022,neutral
24031,fear
24046,surprise
24050,surprise
24143,surprise
24163,surprise
24167,surprise
24174,surprise
24179,surprise
24201,surprise
24291,neutral
24404,happy
24411,surprise
24415,surprise
24432,surprise
24433,surprise
2448,surprise
24557,surprise
2461,surprise
24646,surprise
24668,surprise
24756,surprise
24893,neutral
24904,happy
24921,surprise
25010,surprise
25036,surprise
25044,surprise
25107,surprise
25143,surprise
25188,surprise
25229,happy
25234,surprise
25280,surprise
2529,surprise
25319,surprise
25390,surprise
25397,surprise
25402,surprise
25416,surprise
25492,surprise
25539,surprise
25563,surprise
25571,surprise
256,surprise
25610,surprise
25636,neutral
25674,surprise
25687,surprise
25709,fear
25742,surprise
25781,surprise
25808,disgust
25906,happy
25959,surprise
26076,surprise
26087,neutral
26101,surprise
26102,surprise
26133,surprise
2619,surprise
26243,surprise
2634,happy
26452,surprise
26455,surprise
26483,fear
26487,surprise
26500,neutral
26556,surprise
26626,surprise
26708,surprise
26800,happy
26825,surprise
26907,surprise
26910,surprise
26914,angry
26944,surprise
27025,fear
27039,surprise
27070,fear
27125,surprise
27165,surprise
27174,surprise
27193,surprise
27240,surprise
27270,surprise
27273,surprise
27321,surprise
27325,surprise
27328,surprise
2744,surprise
27566,surprise
27577,surprise
2758,surprise
27586,surprise
2759,surprise
276,surprise
27696,surprise
27737,surprise
27756,surprise
27774,surprise
27803,surprise
27916,surprise
27919,sad
27926,surprise
27933,surprise
27973,surprise
27979,surprise
2803,angry
28076,surprise
28082,surprise
28130,surprise
28182,surprise
28219,angry
28236,neutral
28287,surprise
28328,surprise
28335,surprise
28342,fear
2835,surprise
2837,surprise
28370,surprise
28421,surprise
28441,surprise
28448,surprise
28476,surprise
28482,surprise
28501,surprise
28525,surprise
28639,surprise
28653,surprise
28666,fear
28667,surprise
28727,surprise
28803,angry
2886,neutral
28864,surprise
28901,neutral
29038,surprise
29110,surprise
29118,surprise
29164,surprise
29205,surprise
29225,surprise
29276,surprise
29283,fear
29354,fear
2949,happy
29515,surprise
29516,neutral
29537,surprise
29540,surprise
29542,sad
29551,angry
29557,sad
2956,surprise
29568,surprise
29618,surprise
29619,surprise
29677,happy
29690,surprise
29796,surprise
29797,surprise
29803,neutral
29884,sad
29954,surprise
3002,surprise
30173,surprise
30174,surprise
30184,surprise
30190,surprise
30336,surprise
30537,surprise
30620,surprise
30625,surprise
30628,surprise
30714,surprise
30726,surprise
30811,surprise
3084,happy
30943,surprise
30989,surprise
31005,surprise
31054,surprise
31097,surprise
31102,surprise
31194,surprise
31198,surprise
31206,surprise
31223,surprise
31353,surprise
31364,surprise
31533,surprise
31563,surprise
3157,surprise
31631,surprise
31662,surprise
31775,surprise
31781,surprise
31784,surprise
31799,surprise
31814,surprise
31826,surprise
31872,surprise
31882,surprise
31899,surprise
31953,fear
31961,surprise
32069,surprise
32132,surprise
32165,fear
32179,surprise
3223,surprise
3224,surprise
32243,surprise
32308,surprise
32315,surprise
32324,surprise
32334,surprise
32365,surprise
32395,surprise
32405,surprise
32420,surprise
32432,surprise
32510,surprise
32530,surprise
32630,surprise
32695,sad
32727,surprise
32734,surprise
32753,surprise
32756,surprise
32894,surprise
32968,surprise
32979,surprise
330,surprise
33039,angry
33055,surprise
33072,surprise
33079,surprise
33147,surprise
33180,surprise
33290,surprise
33316,surprise
33329,surprise
33364,surprise
33376,surprise
33378,surprise
33405,fear
33411,surprise
3354,surprise
336,surprise
33667,surprise
33677,surprise
33745,surprise
33759,surprise
33789,surprise
33800,fear
33879,surprise
3392,surprise
33993,surprise
33997,surprise
34004,angry
34034,surprise
34039,surprise
34072,surprise
34087,fear
34134,surprise
34162,surprise
34212,surprise
3423,surprise
34237,surprise
34252,fear
34288,fear
34385,surprise
34400,surprise
34416,surprise
34439,neutral
3445,surprise
34546,surprise
34557,surprise
34664,surprise
34674,surprise
34722,surprise
34787,fear
34813,surprise
34844,surprise
34904,surprise
34926,surprise
34984,surprise
34986,surprise
35049,surprise
35063,surprise
35083,surprise
35084,neutral
35118,surprise
35121,neutral
35144,surprise
35154,surprise
35156,fear
35194,surprise
35201,surprise
35212,surprise
35237,surprise
35276,surprise
35355,fear
35384,neutral
35387,surprise
35399,surprise
35511,surprise
35524,surprise
35530,fear
35608,surprise
35644,happy
35684,surprise
35688,surprise
35757,surprise
35790,surprise
35823,surprise
35833,surprise
35857,surprise
35872,neutral
3603,surprise
3607,fear
3635,surprise
3675,surprise
3691,surprise
3756,fear
3765,surprise
3858,surprise
3874,happy
3878,happy
3925,surprise
4036,surprise
4072,angry
4076,surprise
4080,neutral
4086,surprise
413,surprise
4199,surprise
4243,surprise
4289,happy
4347,surprise
435,surprise
4352,sad
438,surprise
4390,surprise
4431,surprise
4486,surprise
4513,surprise
4536,surprise
4570,happy
4621,surprise
4636,surprise
4657,happy
4685,surprise
4698,surprise
4793,surprise
4895,surprise
4912,fear
5037,surprise
5077,surprise
51,fear
5138,surprise
5178,surprise
518,surprise
5310,surprise
5375,surprise
5419,fear
5450,surprise
5513,surprise
5530,surprise
5595,surprise
5636,surprise
5664,surprise
5706,surprise
5771,surprise
5778,neutral
5855,fear
5893,surprise
5938,surprise
5943,surprise
5997,surprise
6046,surprise
6050,surprise
6167,surprise
6184,surprise
6216,surprise
6219,surprise
6247,surprise
6309,surprise
6360,surprise
6410,surprise
6415,surprise
6425,surprise
6427,surprise
647,angry
6518,surprise
6598,surprise
6647,surprise
670,surprise
6711,surprise
6716,surprise
675,surprise
6797,fear
6877,surprise
692,surprise
6966,surprise
7024,angry
7032,surprise
7153,surprise
7203,surprise
7211,surprise
726,surprise
7459,surprise
7512,fear
7562,surprise
7582,surprise
759,disgust
7626,surprise
7761,fear
7774,angry
78,surprise
783,fear
7865,surprise
7874,surprise
788,surprise
7926,surprise
7957,surprise
8016,surprise
8021,surprise
8042,surprise
8063,surprise
8115,surprise
8137,surprise
8143,surprise
8173,surprise
8240,angry
8309,happy
8329,surprise
8404,surprise
8421,surprise
843,surprise
8439,surprise
8478,happy
8489,surprise
867,fear
8736,surprise
8837,surprise
8928,surprise
8973,surprise
9017,surprise
9021,angry
9118,surprise
9141,surprise
9162,fear
9309,surprise
9367,surprise
9380,surprise
9450,surprise
9467,angry
947,surprise
9499,surprise
9541,surprise
9546,happy
9560,surprise
9630,surprise
9644,neutral
9681,surprise
9776,surprise
9786,angry
9806,surprise
9830,happy
9853,surprise
9878,happy
993,surprise
