id,Company,TypeName,Inches,Ram,OpSys,Weight,ScreenWidth,ScreenHeight,Touchscreen,IPS,marca_cpu,velocidad_cpu,total_almacenamiento_gb,ssd,hdd,flash,GPU_Intel,GPU_AMD,GPU_Nvidia,Price_euros
268,4,3,15.6,8.0,5,2.36,1366,768,0,0,1,2.7,1024.0,0,1,0,0,1,0,749.0
347,2,3,15.6,4.0,5,2.0,1366,768,0,0,1,1.1,1024.0,0,1,0,1,0,0,449.0
353,16,3,13.3,8.0,7,1.2,1920,1080,0,0,1,2.3,256.0,1,0,0,1,0,0,1460.0
578,4,1,15.6,16.0,5,4.42,3840,2160,0,1,1,2.8,1280.0,1,1,0,0,0,1,2868.99
42,4,4,12.5,8.0,7,1.26,1920,1080,1,0,1,2.4,256.0,1,0,0,1,0,0,1713.37
867,2,0,15.6,12.0,5,2.26,1920,1080,1,0,1,2.7,2560.0,1,1,0,0,0,1,1099.0
1136,2,3,15.6,4.0,2,2.0,1920,1080,0,0,1,2.0,256.0,1,0,0,1,0,0,415.0
609,11,1,15.6,8.0,5,2.4,1920,1080,0,0,1,2.8,1152.0,1,1,0,0,0,1,1142.8
474,2,4,14.0,8.0,5,1.3,1920,1080,0,1,1,2.7,256.0,1,0,0,0,0,1,1193.0
838,2,1,15.6,16.0,5,2.5,1920,1080,0,1,1,2.8,1280.0,1,1,0,0,0,1,1600.0
851,2,3,15.6,4.0,5,2.65,1366,768,0,0,1,1.6,1024.0,0,1,0,1,0,0,309.0
904,4,3,15.6,8.0,5,2.02,1920,1080,0,0,1,1.8,1152.0,1,1,0,1,0,0,855.0
355,16,3,15.6,8.0,5,2.2,1366,768,0,0,1,2.3,256.0,1,0,0,1,0,0,1119.0
44,7,3,15.6,6.0,5,1.95,1920,1080,0,1,0,3.0,256.0,1,0,0,0,1,0,649.0
36,16,3,14.0,4.0,5,1.75,1366,768,0,0,1,2.1,128.0,1,0,0,1,0,0,499.0
971,4,4,15.6,8.0,5,1.88,1920,1080,0,1,1,1.6,256.0,1,0,0,1,0,0,1096.16
938,10,0,14.0,4.0,5,1.74,1920,1080,1,1,1,2.4,256.0,1,0,0,1,0,0,629.0
718,0,3,15.6,6.0,5,2.23,1366,768,0,0,1,2.5,1024.0,0,1,0,1,0,0,549.0
518,10,3,15.6,32.0,5,2.5,3840,2160,0,1,1,3.1,1024.0,1,0,0,0,0,1,4899.0
1126,0,3,17.3,8.0,5,3.0,1920,1080,0,1,1,1.6,256.0,1,0,0,0,0,1,854.0
51,10,0,10.1,4.0,5,0.69,1920,1200,1,1,1,1.44,64.0,0,0,1,1,0,0,646.27
772,7,3,17.3,6.0,5,2.71,1920,1080,0,1,0,2.5,2048.0,0,1,0,0,1,0,655.01
1001,7,2,12.5,8.0,5,1.26,1366,768,0,0,1,2.6,256.0,1,0,0,1,0,0,1389.0
330,7,1,17.3,16.0,5,3.35,1920,1080,0,1,1,2.8,1280.0,1,1,0,0,0,1,1379.0
66,4,5,15.6,8.0,5,1.78,3840,2160,1,0,1,2.8,256.0,1,0,0,0,0,1,2712.0
829,2,3,15.6,4.0,2,2.0,1920,1080,0,0,1,2.0,1024.0,0,1,0,1,0,0,389.0
1129,0,3,15.6,4.0,5,2.4,1366,768,0,0,1,2.5,500.0,0,1,0,1,0,0,559.0
1197,10,3,15.6,6.0,5,2.4,1920,1080,0,0,1,2.5,256.0,1,0,0,0,0,1,695.0
171,10,3,15.6,4.0,5,2.2,1366,768,0,0,1,1.1,1024.0,0,1,0,1,0,0,306.0
233,7,3,14.0,8.0,5,1.95,1920,1080,0,0,1,2.5,256.0,1,0,0,1,0,0,980.0
205,4,3,15.6,8.0,5,2.13,1920,1080,0,0,1,1.6,256.0,1,0,0,0,1,0,728.0
361,2,1,15.6,8.0,5,2.5,1920,1080,0,0,1,2.8,1152.0,1,1,0,0,0,1,1265.0
1250,10,3,15.6,8.0,7,2.32,1920,1080,0,0,1,2.5,0.0,0,0,0,0,1,0,895.0
707,4,3,15.6,4.0,5,2.18,1366,768,0,0,1,2.0,1024.0,0,1,0,0,1,0,614.0
884,0,3,15.6,4.0,1,2.2,1920,1080,0,1,1,1.5,16.0,0,0,1,1,0,0,359.0
1071,10,3,15.6,6.0,5,2.2,1920,1080,0,0,0,3.6,256.0,1,0,0,0,1,0,597.57
95,4,3,15.6,4.0,5,2.2,1366,768,0,0,1,1.6,500.0,0,1,0,1,0,0,369.0
745,2,3,15.6,4.0,5,2.2,1366,768,0,0,1,1.6,500.0,0,1,0,1,0,0,369.0
899,0,3,15.6,4.0,2,2.1,1366,768,0,0,1,2.7,1024.0,0,1,0,1,0,0,367.0
313,2,4,15.6,8.0,5,1.7,1920,1080,0,0,1,2.7,256.0,1,0,0,0,0,1,1049.9
1063,11,1,15.6,8.0,5,2.2,1920,1080,0,0,1,2.5,1152.0,1,1,0,0,0,1,1119.91
193,4,0,15.6,8.0,5,2.3,1920,1080,1,1,1,2.7,256.0,1,0,0,1,0,0,1094.0
625,7,4,15.6,8.0,5,1.91,1920,1080,0,0,1,1.8,256.0,1,0,0,1,0,0,659.0
142,7,3,15.6,8.0,5,2.31,1920,1080,0,0,1,2.9,256.0,1,0,0,1,0,0,1427.0
243,7,0,11.6,8.0,1,1.4,1366,768,1,0,1,1.1,64.0,0,0,1,1,0,0,495.0
1214,7,3,14.0,8.0,5,1.48,1920,1080,0,0,1,2.6,256.0,1,0,0,1,0,0,1268.0
1047,4,3,15.6,4.0,5,2.3,1366,768,0,0,1,2.0,1024.0,0,1,0,1,0,0,418.64
648,10,3,15.6,4.0,4,2.2,1920,1080,0,0,1,2.0,1024.0,0,1,0,0,1,0,479.0
34,1,4,15.4,16.0,3,2.04,2880,1800,0,1,1,2.2,256.0,0,0,1,1,0,0,2139.97
804,7,3,14.0,4.0,7,1.54,1920,1080,0,0,1,2.3,500.0,0,1,0,1,0,0,1030.99
872,7,3,15.6,4.0,5,1.86,1920,1080,0,0,1,2.0,500.0,0,1,0,1,0,0,397.0
1297,7,3,15.6,8.0,7,1.88,1920,1080,0,0,1,2.3,256.0,1,0,0,1,0,0,1579.0
192,4,3,15.6,8.0,2,1.98,1920,1080,0,0,1,2.5,1024.0,0,1,0,1,0,0,726.0
451,7,3,15.6,4.0,5,2.1,1366,768,0,0,1,1.6,500.0,0,1,0,1,0,0,347.0
894,5,3,15.6,4.0,5,2.3,1366,768,0,0,1,2.3,256.0,1,0,0,1,0,0,649.0
961,16,4,14.0,8.0,5,1.47,1920,1080,0,1,1,2.6,256.0,1,0,0,1,0,0,1725.0
1168,10,4,14.0,4.0,5,1.7,1920,1080,0,0,1,2.3,180.0,1,0,0,1,0,0,1096.0
966,10,3,15.6,8.0,5,2.3,1920,1080,0,1,1,2.6,256.0,1,0,0,1,0,0,1529.0
794,12,3,14.0,2.0,5,1.4,1920,1080,0,0,1,1.44,32.0,0,0,1,1,0,0,239.0
763,10,5,15.6,8.0,5,2.67,1920,1080,0,0,1,2.8,512.0,1,0,0,0,0,1,1925.0
946,10,3,15.6,4.0,5,1.85,1920,1080,0,0,1,2.0,1024.0,0,1,0,1,0,0,414.9
1298,0,3,15.6,4.0,5,2.2,1366,768,0,0,1,2.0,500.0,0,1,0,0,0,1,469.0
715,2,3,14.0,4.0,5,1.5,1366,768,0,0,1,1.1,32.0,0,0,1,1,0,0,278.0
762,4,4,13.3,8.0,5,1.2,1920,1080,0,0,1,1.8,256.0,1,0,0,1,0,0,1449.0
1101,11,1,15.6,8.0,5,2.2,1920,1080,0,0,1,2.5,1152.0,1,1,0,0,0,1,1089.0
994,7,2,12.5,8.0,5,0.97,1920,1080,0,0,1,1.2,512.0,1,0,0,1,0,0,1908.0
528,4,4,14.0,8.0,2,1.6,1920,1080,0,0,1,2.8,256.0,1,0,0,1,0,0,1099.0
926,10,3,15.6,8.0,4,2.2,1366,768,0,0,1,2.5,500.0,0,1,0,0,0,1,629.0
791,7,3,15.6,4.0,4,1.86,1366,768,0,0,1,2.0,1024.0,0,1,0,1,0,0,345.99
351,0,3,14.0,4.0,1,1.68,1366,768,0,0,1,1.6,32.0,0,0,1,1,0,0,349.0
166,4,3,15.6,8.0,7,2.09,1920,1080,0,0,1,2.4,256.0,1,0,0,1,0,0,1062.95
1196,0,3,15.6,4.0,5,2.1,1366,768,0,0,1,1.1,1024.0,0,1,0,1,0,0,348.0
1056,4,3,15.6,8.0,5,2.33,1920,1080,0,0,1,1.6,1152.0,1,1,0,0,1,0,844.0
909,14,1,17.3,32.0,5,3.49,3840,2160,1,0,1,2.9,1024.0,1,0,0,0,0,1,6099.0
1189,10,3,15.6,4.0,5,2.2,1366,768,0,0,0,2.2,128.0,1,0,0,0,1,0,349.0
654,11,1,17.3,16.0,5,3.78,1920,1080,0,0,1,2.8,1280.0,1,1,0,0,0,1,2499.0
968,10,3,15.6,4.0,5,2.2,1920,1080,0,0,1,2.3,500.0,0,1,0,1,0,0,535.0
1027,7,4,12.5,8.0,7,1.26,1920,1080,0,0,1,2.5,256.0,1,0,0,1,0,0,2296.95
217,10,2,11.6,4.0,5,1.4,1366,768,1,0,1,1.6,128.0,1,0,0,1,0,0,475.0
1224,10,4,12.5,8.0,5,1.36,1920,1080,0,1,1,2.7,256.0,1,0,0,1,0,0,1584.0
559,4,3,17.3,16.0,5,2.77,1920,1080,1,0,1,1.8,512.0,1,0,0,0,0,1,1549.0
136,4,4,13.3,8.0,5,1.29,1920,1080,1,1,1,2.5,128.0,1,0,0,1,0,0,899.0
420,4,0,13.3,8.0,5,1.62,1920,1080,1,1,1,1.8,1024.0,0,1,0,1,0,0,839.0
54,16,4,13.3,32.0,5,1.05,1920,1080,1,0,1,2.7,512.0,1,0,0,1,0,0,2799.0
788,0,3,15.6,4.0,5,2.1,1366,768,0,0,0,3.0,256.0,1,0,0,0,1,0,451.0
628,7,3,15.6,8.0,5,2.2,1920,1080,0,1,1,2.5,1152.0,1,1,0,0,0,1,1099.0
1215,10,3,15.6,8.0,5,2.05,1920,1080,0,0,1,1.8,256.0,1,0,0,1,0,0,880.0
396,10,3,15.6,4.0,4,1.9,1366,768,0,0,1,2.0,1024.0,0,1,0,1,0,0,339.0
1083,2,3,15.6,4.0,5,2.2,1366,768,0,0,1,1.6,500.0,0,1,0,1,0,0,369.0
20,7,0,13.3,8.0,5,1.28,1920,1080,1,0,1,2.5,256.0,1,0,0,1,0,0,2277.0
1263,7,3,13.3,16.0,5,1.49,1920,1080,0,0,1,1.8,512.0,1,0,0,1,0,0,1197.0
258,4,1,15.6,8.0,2,2.62,1920,1080,0,0,1,2.8,1024.0,0,1,0,0,0,1,929.0
159,4,3,15.6,4.0,5,2.18,1366,768,0,0,1,2.0,1024.0,0,1,0,1,0,0,558.6
572,10,1,15.6,16.0,5,2.5,1920,1080,0,1,0,2.1,1536.0,1,1,0,0,1,0,999.0
374,16,3,15.6,8.0,5,2.0,1920,1080,0,1,1,2.5,500.0,0,1,0,1,0,0,860.0
25,7,4,12.5,8.0,7,1.26,1366,768,0,0,1,2.4,256.0,1,0,0,1,0,0,1895.0
345,10,1,15.6,4.0,5,2.4,1920,1080,0,1,1,2.8,1024.0,0,1,0,0,0,1,999.0
827,4,2,11.6,4.0,5,1.63,1366,768,0,0,1,1.1,128.0,1,0,0,1,0,0,744.0
661,7,3,15.6,8.0,5,2.04,1920,1080,0,0,1,2.5,256.0,1,0,0,0,0,1,889.0
102,10,0,13.3,8.0,5,1.37,1920,1080,1,1,1,2.7,512.0,1,0,0,1,0,0,2025.0
185,2,1,17.3,8.0,5,2.73,1920,1080,0,1,1,2.5,1152.0,1,1,0,0,0,1,1770.0
69,2,3,17.3,8.0,5,2.69,1920,1080,0,0,1,2.5,756.0,1,1,0,0,0,1,891.0
327,11,1,15.6,16.0,5,2.4,1920,1080,0,1,1,2.8,1280.0,1,1,0,0,0,1,1799.0
439,0,2,11.6,4.0,1,1.25,1366,768,0,1,1,1.6,32.0,0,0,1,1,0,0,297.0
662,11,1,17.3,16.0,5,4.14,1920,1080,0,0,1,2.8,1536.0,1,1,0,0,0,1,2499.0
799,2,3,15.6,4.0,5,2.2,1920,1080,0,0,0,2.5,1152.0,1,1,0,0,1,0,575.0
555,7,3,15.6,4.0,5,2.1,1920,1080,0,1,1,1.6,500.0,0,1,0,1,0,0,722.0
40,16,3,14.0,4.0,5,1.75,1366,768,0,1,1,2.3,128.0,1,0,0,1,0,0,1020.0
1110,10,0,13.3,16.0,5,1.3,3200,1800,1,1,1,2.5,512.0,1,0,0,1,0,0,1499.0
998,7,4,14.0,8.0,5,1.36,1920,1080,0,1,1,2.7,256.0,1,0,0,1,0,0,1750.0
500,11,1,17.3,8.0,5,2.9,1920,1080,0,0,1,2.6,1152.0,1,1,0,0,0,1,1511.19
734,4,4,13.3,8.0,5,1.23,3200,1800,1,0,1,1.6,256.0,1,0,0,1,0,0,1869.0
974,10,3,14.0,8.0,5,1.7,1920,1080,0,0,1,2.5,180.0,1,0,0,1,0,0,1364.0
117,7,0,13.3,4.0,5,1.28,1920,1080,1,0,1,2.5,256.0,1,0,0,1,0,0,1799.0
392,7,3,15.6,4.0,5,2.04,1366,768,0,0,1,2.4,256.0,1,0,0,1,0,0,769.99
1060,4,3,15.6,16.0,5,2.2,1920,1080,0,0,1,1.8,2304.0,1,1,0,0,1,0,1219.24
613,2,3,15.6,8.0,5,2.37,1920,1080,0,0,1,2.5,256.0,1,0,0,1,0,0,1099.0
711,7,3,14.0,8.0,5,1.63,1920,1080,0,0,1,1.8,512.0,1,0,0,1,0,0,1084.0
1245,4,3,15.6,4.0,5,2.18,1366,768,0,0,1,2.4,128.0,1,0,0,1,0,0,547.0
639,2,4,14.0,8.0,5,1.1,1920,1080,0,0,1,2.7,512.0,1,0,0,1,0,0,1873.0
9,0,3,17.3,4.0,5,3.0,1920,1080,0,1,1,1.6,256.0,1,0,0,0,0,1,805.0
1213,10,3,15.6,4.0,4,1.9,1366,768,0,0,1,2.0,500.0,0,1,0,1,0,0,450.0
535,4,1,15.6,8.0,5,2.62,1920,1080,0,1,1,2.8,1152.0,1,1,0,0,0,1,1159.0
155,4,4,13.3,8.0,2,1.23,3200,1800,1,0,1,2.4,256.0,1,0,0,1,0,0,1099.0
1074,7,3,17.3,8.0,5,2.63,1920,1080,0,0,1,2.7,1024.0,0,1,0,0,0,1,1280.0
472,4,0,11.6,4.0,5,1.39,1366,768,1,0,1,1.0,128.0,1,0,0,1,0,0,603.0
47,10,3,17.3,4.0,4,2.8,1920,1080,0,0,1,2.0,500.0,0,1,0,1,0,0,529.0
5,7,3,17.3,8.0,5,2.5,1920,1080,0,0,1,1.6,256.0,1,0,0,1,0,0,928.0
466,2,3,15.6,4.0,5,2.0,1366,768,0,0,1,2.4,1024.0,0,1,0,1,0,0,435.0
712,7,3,14.0,8.0,5,1.63,1920,1080,0,0,1,1.6,1024.0,0,1,0,1,0,0,812.0
212,0,3,14.0,8.0,5,1.5,1920,1080,0,1,1,2.4,128.0,1,0,0,1,0,0,619.0
1067,7,3,15.6,8.0,4,1.86,1920,1080,0,0,1,2.5,256.0,1,0,0,1,0,0,575.0
785,7,3,15.6,8.0,5,2.04,1366,768,0,0,1,1.6,2048.0,0,1,0,1,0,0,389.0
332,4,3,15.6,8.0,5,1.95,1366,768,0,0,1,2.5,128.0,1,0,0,1,0,0,810.0
1199,11,1,15.6,16.0,5,2.94,1920,1080,0,0,1,2.8,1280.0,1,1,0,0,0,1,2267.86
412,4,3,15.6,8.0,5,2.0,1920,1080,0,0,1,2.8,256.0,1,0,0,0,0,1,1829.0
200,7,4,14.0,8.0,5,1.43,1920,1080,0,0,1,2.5,256.0,1,0,0,1,0,0,1500.0
509,16,3,15.6,8.0,5,2.0,1920,1080,0,1,1,2.5,256.0,1,0,0,1,0,0,943.0
411,11,1,15.6,8.0,5,2.2,1920,1080,0,0,1,2.8,1152.0,1,1,0,0,0,1,1149.0
627,10,0,13.3,8.0,5,1.37,1920,1080,1,1,1,2.7,256.0,1,0,0,1,0,0,1950.0
1088,10,3,15.6,12.0,5,2.2,1920,1080,0,0,0,3.6,2048.0,0,1,0,0,1,0,899.0
881,4,3,15.6,4.0,5,1.95,1366,768,0,0,1,2.3,500.0,0,1,0,1,0,0,729.9
914,4,0,13.3,16.0,5,1.22,3200,1800,1,0,1,1.3,512.0,1,0,0,1,0,0,1899.0
690,16,3,15.6,8.0,5,2.0,1366,768,0,0,1,2.5,128.0,1,0,0,1,0,0,793.0
111,7,3,15.6,8.0,5,1.9,1920,1080,0,0,1,2.5,500.0,0,1,0,0,1,0,1154.0
26,7,3,15.6,8.0,5,2.04,1920,1080,0,1,1,2.7,1152.0,1,1,0,0,0,1,979.0
375,4,1,17.3,16.0,5,4.42,1920,1080,0,1,1,2.8,1280.0,1,1,0,0,0,1,2699.0
289,7,3,15.6,12.0,5,2.21,1920,1080,0,1,1,2.8,1152.0,1,1,0,0,0,1,1327.0
1007,7,3,13.3,4.0,5,1.32,1920,1080,0,1,1,2.5,256.0,1,0,0,1,0,0,699.0
476,10,0,10.1,4.0,5,0.69,1920,1200,1,1,1,1.44,64.0,0,0,1,1,0,0,479.0
475,2,3,14.0,8.0,5,1.4,1920,1080,0,0,1,1.6,256.0,1,0,0,1,0,0,941.0
125,0,3,15.6,8.0,2,2.5,1920,1080,0,0,1,2.8,256.0,1,0,0,0,0,1,879.0
1154,7,4,14.0,8.0,5,1.54,1920,1080,0,0,1,2.5,512.0,1,0,0,1,0,0,1468.0
1184,7,5,15.6,8.0,5,2.6,1920,1080,0,0,1,2.8,256.0,1,0,0,0,0,1,1738.27
322,5,3,15.6,8.0,5,2.2,1366,768,0,0,1,2.5,1024.0,0,1,0,1,0,0,739.0
280,15,4,15.0,16.0,5,1.23,1920,1080,0,0,1,2.7,256.0,1,0,0,0,0,1,1849.0
63,10,3,15.6,8.0,4,2.2,1920,1080,0,0,1,2.5,256.0,1,0,0,0,0,1,629.0
547,2,1,15.6,16.0,5,2.1,1920,1080,0,0,1,2.8,1152.0,1,1,0,0,0,1,1899.0
1293,10,3,13.3,4.0,1,1.45,1366,768,0,0,1,1.6,16.0,0,0,1,1,0,0,459.9
536,0,3,15.6,4.0,2,2.1,1366,768,0,0,1,2.0,1024.0,0,1,0,1,0,0,390.0
687,10,3,15.6,4.0,5,1.9,1366,768,0,0,1,2.5,128.0,1,0,0,1,0,0,498.0
1023,4,3,15.6,8.0,2,2.2,1920,1080,0,0,1,2.7,1024.0,0,1,0,0,1,0,599.9
210,7,3,15.6,4.0,5,2.1,1920,1080,0,0,0,2.5,1024.0,0,1,0,0,1,0,398.0
657,4,3,15.6,8.0,5,1.9,1366,768,0,0,1,2.6,500.0,0,1,0,1,0,0,1008.52
671,2,1,15.6,8.0,5,2.3,1920,1080,0,1,1,2.8,1152.0,1,1,0,0,0,1,1655.0
194,10,3,15.6,4.0,5,2.3,1920,1080,0,1,1,2.3,1024.0,0,1,0,0,0,1,977.0
672,7,3,14.0,8.0,5,1.48,1920,1080,0,0,1,2.7,256.0,1,0,0,1,0,0,1292.0
1152,0,3,15.6,4.0,5,2.23,1366,768,0,0,1,2.5,500.0,0,1,0,1,0,0,619.0
201,11,1,17.3,16.0,5,2.8,1920,1080,0,0,1,2.8,1280.0,1,1,0,0,0,1,1890.0
792,0,3,14.0,8.0,5,2.1,1366,768,0,0,1,2.0,1024.0,0,1,0,1,0,0,389.0
306,10,4,14.0,16.0,5,1.14,1920,1080,0,1,1,2.7,512.0,1,0,0,1,0,0,2450.0
828,4,3,15.6,16.0,5,2.3,1920,1080,1,0,1,2.7,1024.0,0,1,0,0,1,0,859.01
1055,7,2,12.5,8.0,5,1.26,1920,1080,0,0,1,2.7,512.0,1,0,0,1,0,0,1483.0
813,4,1,17.3,32.0,5,4.36,3840,2160,0,0,1,2.8,2048.0,1,1,0,0,0,1,3659.4
1000,0,0,13.3,8.0,5,1.6,1920,1080,1,1,1,2.5,256.0,1,0,0,1,0,0,789.01
110,7,3,15.6,8.0,5,2.04,1920,1080,0,0,1,2.5,1024.0,0,1,0,1,0,0,806.0
399,0,3,15.6,4.0,2,2.4,1366,768,0,0,1,2.5,500.0,0,1,0,1,0,0,441.8
636,10,3,15.6,8.0,4,2.2,1920,1080,0,0,1,2.7,1024.0,0,1,0,0,0,1,709.0
1264,7,4,14.0,4.0,5,1.48,1920,1080,0,0,1,2.7,256.0,1,0,0,1,0,0,1082.0
318,10,1,15.6,16.0,5,2.5,1920,1080,0,1,1,2.8,256.0,1,0,0,0,0,1,1079.0
172,0,0,14.0,8.0,5,1.2,1920,1080,1,1,1,1.3,256.0,1,0,0,1,0,0,1149.0
293,0,3,15.6,8.0,5,3.0,1920,1080,0,1,1,1.8,256.0,1,0,0,0,0,1,951.0
138,10,0,14.0,8.0,7,1.8,1920,1080,1,1,1,2.6,512.0,1,0,0,0,0,1,2050.38
747,11,1,15.6,8.0,5,2.3,1920,1080,0,0,1,2.6,1152.0,1,1,0,0,0,1,1169.0
801,10,3,14.0,16.0,7,1.1,2560,1440,0,1,1,2.6,256.0,1,0,0,1,0,0,2620.0
45,4,4,14.0,8.0,5,1.36,1920,1080,0,0,1,2.8,512.0,1,0,0,1,0,0,1680.0
1262,10,3,15.6,8.0,5,2.2,1366,768,0,0,1,2.0,128.0,1,0,0,1,0,0,589.0
923,0,0,13.3,8.0,5,1.6,1920,1080,1,1,1,2.3,256.0,1,0,0,1,0,0,689.0
879,0,3,17.3,8.0,5,3.3,1600,900,0,0,1,2.0,1024.0,0,1,0,0,0,1,629.0
931,16,4,13.3,8.0,5,1.2,1920,1080,0,0,1,2.3,256.0,1,0,0,1,0,0,1590.0
730,2,1,15.6,8.0,5,2.2,1920,1080,0,0,1,2.6,1024.0,0,1,0,0,0,1,1169.0
55,2,3,15.6,8.0,2,2.3,1920,1080,0,0,1,2.4,1024.0,0,1,0,0,0,1,597.0
373,7,0,13.3,8.0,5,1.48,2560,1440,1,0,1,2.6,512.0,1,0,0,1,0,0,2041.0
603,10,3,15.6,6.0,5,2.2,1920,1080,0,0,1,2.7,256.0,1,0,0,0,0,1,789.0
197,16,3,13.3,8.0,5,1.05,1920,1080,0,0,1,2.5,256.0,1,0,0,1,0,0,1475.0
599,2,1,17.3,8.0,5,3.2,1920,1080,0,0,0,3.2,1280.0,1,1,0,0,1,0,1695.0
1258,0,1,17.3,16.0,5,4.2,1920,1080,0,1,1,2.8,1280.0,1,1,0,0,0,1,2299.0
682,7,3,14.0,4.0,5,1.63,1366,768,0,1,1,1.6,500.0,0,1,0,1,0,0,722.0
752,0,4,14.0,8.0,5,1.6,1920,1080,0,1,1,1.6,256.0,1,0,0,1,0,0,770.0
283,12,3,13.3,4.0,5,1.35,1920,1080,0,1,1,1.44,32.0,0,0,1,1,0,0,255.0
1205,16,3,15.6,8.0,5,2.0,1920,1080,0,1,1,2.7,256.0,1,0,0,1,0,0,1388.0
1237,0,3,15.6,4.0,2,2.1,1366,768,0,0,1,2.0,1024.0,0,1,0,1,0,0,272.0
28,4,0,15.6,12.0,5,2.19,1920,1080,1,1,1,2.7,512.0,1,0,0,1,0,0,1299.0
809,4,3,15.6,8.0,5,2.13,1920,1080,0,0,1,1.8,256.0,1,0,0,0,1,0,767.8
1274,7,3,15.6,6.0,5,1.91,1920,1080,0,1,0,2.5,128.0,1,0,0,0,1,0,568.9
532,7,3,15.6,8.0,5,1.96,1920,1080,0,0,1,2.5,256.0,1,0,0,1,0,0,598.99
1167,14,1,14.0,16.0,5,1.95,1920,1080,0,0,1,2.8,1024.0,1,0,0,0,0,1,3499.0
942,10,3,15.6,8.0,5,2.3,1920,1080,0,1,1,2.5,256.0,1,0,0,1,0,0,911.0
638,0,3,15.6,6.0,5,2.1,1920,1080,1,1,1,2.4,1024.0,0,1,0,1,0,0,479.0
739,7,3,15.6,8.0,5,2.04,1920,1080,0,0,1,2.7,1024.0,0,1,0,0,0,1,900.0
1181,2,3,15.6,4.0,5,2.37,1366,768,0,0,1,2.4,1024.0,0,1,0,1,0,0,398.99
109,2,1,17.3,16.0,5,4.0,1920,1080,0,1,1,2.6,1152.0,1,1,0,0,0,1,1900.0
1235,4,3,15.6,8.0,5,2.18,1366,768,0,0,1,2.5,128.0,1,0,0,1,0,0,713.99
640,7,4,15.6,8.0,5,1.84,1920,1080,0,0,1,2.5,256.0,1,0,0,0,1,0,1296.99
319,10,3,15.6,8.0,4,2.3,1920,1080,0,1,1,2.5,256.0,1,0,0,1,0,0,573.0
1002,2,3,14.0,2.0,5,1.65,1366,768,0,0,0,1.5,32.0,0,0,1,0,1,0,199.0
132,4,3,14.0,4.0,5,1.76,1366,768,0,0,1,2.3,500.0,0,1,0,1,0,0,755.0
560,7,2,11.6,2.0,5,1.17,1366,768,0,0,1,1.6,32.0,0,0,1,1,0,0,209.0
601,2,3,15.6,4.0,5,1.86,1366,768,0,0,1,1.1,128.0,1,0,0,1,0,0,419.0
495,4,1,17.3,32.0,5,4.42,1920,1080,0,1,1,2.8,1536.0,1,1,0,0,0,1,3072.89
839,2,1,15.6,16.0,5,2.5,1920,1080,0,0,1,2.8,1280.0,1,1,0,0,0,1,1799.0
622,4,0,15.6,8.0,5,2.67,1920,1080,1,0,1,1.6,256.0,1,0,0,1,0,0,799.0
619,2,3,17.3,4.0,5,2.0,1920,1080,0,0,1,2.0,1024.0,0,1,0,0,0,1,564.0
631,11,1,14.0,16.0,5,1.6,1920,1080,0,1,1,2.8,1280.0,1,1,0,0,0,1,1891.0
515,10,3,17.3,8.0,4,2.8,1600,900,0,0,1,1.6,256.0,1,0,0,0,0,1,698.0
869,9,4,15.6,8.0,5,1.09,1920,1080,0,1,1,1.8,512.0,1,0,0,1,0,0,2299.0
1068,7,5,15.6,8.0,7,2.59,1920,1080,0,1,1,2.6,256.0,1,0,0,0,0,1,2229.0
99,4,4,14.0,8.0,5,1.5,2560,1440,1,0,1,2.6,256.0,1,0,0,1,0,0,1962.98
795,2,3,14.0,4.0,6,1.65,1366,768,0,0,0,1.5,64.0,1,0,0,0,1,0,277.99
408,10,0,13.3,16.0,5,1.3,3200,1800,1,1,1,2.5,512.0,1,0,0,1,0,0,1499.0
634,2,1,17.3,24.0,5,4.33,1920,1080,1,1,1,2.6,1280.0,1,1,0,0,0,1,1269.0
489,0,3,15.6,4.0,5,2.1,1366,768,0,0,0,3.0,500.0,0,1,0,0,1,0,400.0
544,11,1,17.3,8.0,5,2.7,1920,1080,0,0,1,2.8,1152.0,1,1,0,0,0,1,1409.0
853,10,3,15.6,8.0,5,2.3,1920,1080,0,1,1,2.5,1024.0,0,1,0,1,0,0,850.66
15,10,3,14.0,8.0,5,1.32,1920,1080,0,1,1,2.6,256.0,1,0,0,1,0,0,1650.0
485,4,0,13.3,16.0,5,1.22,1920,1080,1,0,1,1.3,256.0,1,0,0,1,0,0,1649.0
290,2,3,15.6,4.0,5,2.0,1366,768,0,0,1,1.1,500.0,0,1,0,1,0,0,304.0
860,0,3,15.6,12.0,5,2.2,1366,768,0,1,1,1.6,1024.0,0,1,0,0,0,1,693.99
1206,7,3,14.0,4.0,5,1.95,1366,768,0,0,1,2.5,500.0,0,1,0,1,0,0,1060.0
1174,4,3,15.6,8.0,5,2.18,1920,1080,0,0,1,2.5,256.0,1,0,0,0,1,0,789.81
566,4,3,15.6,4.0,2,2.18,1366,768,0,0,1,2.0,1024.0,0,1,0,0,1,0,465.0
227,10,1,15.6,8.0,4,2.4,1920,1080,0,1,1,2.5,1152.0,1,1,0,0,0,1,809.0
967,7,3,15.6,6.0,5,2.04,1920,1080,0,0,0,2.9,0.0,0,0,0,0,1,0,549.99
423,4,3,14.0,4.0,5,1.76,1366,768,0,0,1,2.0,500.0,0,1,0,1,0,0,585.0
1221,0,3,14.0,4.0,5,1.6,1920,1080,0,0,1,1.1,32.0,0,0,1,1,0,0,329.0
1116,7,4,13.3,8.0,5,1.39,3200,1800,1,0,1,2.7,256.0,1,0,0,1,0,0,1149.0
947,2,3,15.6,8.0,5,2.0,1366,768,0,0,1,1.1,1024.0,0,1,0,1,0,0,399.0
178,10,4,14.0,8.0,5,1.17,2560,1440,0,1,1,2.5,512.0,1,0,0,1,0,0,1686.64
580,4,3,14.0,8.0,2,1.64,1920,1080,0,0,1,2.8,256.0,1,0,0,0,0,1,1089.0
370,4,3,15.6,8.0,5,2.0,1366,768,0,0,1,2.0,256.0,1,0,0,1,0,0,665.0
291,1,4,12.0,8.0,8,0.92,2304,1440,0,1,1,1.3,512.0,1,0,0,1,0,0,1510.0
652,0,3,17.3,4.0,5,3.0,1920,1080,0,1,1,2.7,1024.0,0,1,0,0,0,1,655.0
349,10,4,14.0,12.0,7,1.4,1920,1080,0,0,1,2.6,512.0,1,0,0,1,0,0,2299.0
23,1,4,13.3,8.0,8,1.34,1440,900,0,0,1,1.8,128.0,0,0,1,1,0,0,898.94
956,0,3,15.6,4.0,5,2.1,1366,768,0,0,1,2.0,128.0,1,0,0,1,0,0,449.0
996,7,3,17.3,8.0,5,2.65,1600,900,0,0,1,2.0,1024.0,0,1,0,1,0,0,544.15
1296,4,1,15.6,16.0,5,2.6,1920,1080,0,0,1,2.8,1152.0,1,1,0,0,0,1,1349.0
482,10,1,17.3,16.0,5,4.6,1920,1080,0,1,1,2.7,256.0,1,0,0,0,0,1,2749.99
650,0,3,15.6,4.0,2,2.1,1366,768,0,0,1,2.0,128.0,1,0,0,1,0,0,412.0
624,0,3,14.0,4.0,5,1.6,1366,768,0,0,1,1.6,128.0,0,0,1,1,0,0,349.0
888,7,0,13.3,8.0,5,1.26,1920,1080,1,1,1,1.6,256.0,1,0,0,1,0,0,1398.99
488,0,3,14.0,2.0,1,1.68,1366,768,0,0,1,1.6,32.0,0,0,1,1,0,0,330.0
1238,4,3,15.6,4.0,2,2.3,1920,1080,0,0,1,2.5,256.0,1,0,0,0,1,0,598.9
154,4,3,14.0,8.0,5,1.56,1920,1080,0,0,1,2.4,256.0,1,0,0,1,0,0,1229.0
381,2,0,12.5,4.0,1,1.2,1920,1080,1,0,1,0.9,64.0,0,0,1,1,0,0,669.0
512,10,4,14.0,8.0,5,1.13,1920,1080,0,1,1,2.7,256.0,0,0,1,1,0,0,2049.0
494,10,3,15.6,16.0,7,2.5,3840,2160,0,0,1,2.7,512.0,1,0,0,0,0,1,2370.0
742,4,0,15.6,4.0,5,2.08,1920,1080,1,1,1,2.3,1024.0,0,1,0,1,0,0,795.99
61,4,3,17.3,8.0,5,2.8,1920,1080,0,0,1,1.6,1152.0,1,1,0,0,1,0,1085.0
907,4,3,15.6,8.0,5,2.09,1920,1080,0,0,1,2.4,500.0,0,1,0,1,0,0,1046.44
308,11,1,17.3,16.0,5,4.14,1920,1080,0,0,1,2.7,1152.0,1,1,0,0,0,1,2199.0
72,2,3,15.6,4.0,5,2.2,1366,768,0,0,1,1.6,500.0,0,1,0,1,0,0,369.0
454,4,3,15.6,8.0,5,2.2,1920,1080,0,0,1,1.6,1024.0,0,1,0,0,1,0,675.0
978,11,1,17.3,16.0,5,2.43,3840,2160,0,1,1,2.6,2560.0,1,1,0,0,0,1,2649.0
581,12,3,14.0,4.0,5,1.45,1920,1080,0,1,1,1.1,32.0,1,0,0,1,0,0,389.0
1192,1,4,13.3,8.0,8,1.37,2560,1600,0,1,1,3.1,512.0,1,0,0,1,0,0,2040.0
1268,10,4,14.0,8.0,5,1.75,1920,1080,0,1,1,1.8,256.0,1,0,0,0,1,0,1215.38
1160,10,0,13.3,8.0,5,1.37,1920,1080,1,1,1,2.7,256.0,1,0,0,1,0,0,1757.42
1040,10,3,15.6,4.0,5,2.38,1366,768,0,0,1,2.5,500.0,0,1,0,1,0,0,1055.0
658,4,3,15.6,8.0,5,1.93,1920,1080,0,0,1,2.8,256.0,1,0,0,0,0,1,1369.0
1018,10,0,15.6,4.0,5,2.1,1920,1080,1,1,1,2.3,256.0,1,0,0,1,0,0,867.0
531,10,1,15.6,16.0,5,2.4,1920,1080,0,1,1,2.8,2304.0,1,1,0,0,0,1,1129.0
723,4,4,12.5,8.0,5,1.6,1920,1080,0,0,1,2.8,256.0,1,0,0,1,0,0,1690.0
1077,10,3,15.6,8.0,5,2.3,1920,1080,0,0,1,2.5,1152.0,1,1,0,0,0,1,819.0
877,2,4,13.3,8.0,5,1.2,1920,1080,0,1,1,0.9,512.0,1,0,0,1,0,0,729.0
645,7,3,15.6,4.0,5,1.86,1366,768,0,0,1,2.5,1024.0,0,1,0,1,0,0,488.69
342,7,3,15.6,4.0,5,1.86,1920,1080,0,0,1,2.0,1024.0,0,1,0,1,0,0,469.0
426,11,1,17.3,16.0,5,4.14,1920,1080,0,0,1,2.9,1536.0,1,1,0,0,0,1,2729.0
753,10,3,14.0,8.0,5,1.8,1920,1080,0,0,1,2.3,256.0,1,0,0,1,0,0,1191.0
261,13,4,13.5,8.0,6,1.252,2256,1504,1,0,1,2.8,256.0,1,0,0,1,0,0,1867.85
395,1,4,12.0,8.0,3,0.92,2304,1440,0,1,1,1.2,512.0,0,0,1,1,0,0,1165.0
766,10,3,15.6,4.0,4,1.9,1366,768,0,0,1,2.5,1024.0,0,1,0,1,0,0,489.9
209,4,0,15.0,4.0,5,2.08,1920,1080,1,0,1,2.4,500.0,0,1,0,1,0,0,509.0
1138,7,4,14.0,8.0,7,1.54,2560,1440,0,0,1,2.5,256.0,1,0,0,1,0,0,2198.19
64,10,4,14.0,8.0,5,1.96,1920,1080,0,1,1,2.8,256.0,1,0,0,0,0,1,1903.0
1161,2,0,13.3,6.0,5,1.5,1920,1080,1,0,1,2.5,1024.0,0,1,0,1,0,0,639.01
366,7,3,13.3,8.0,5,1.16,1920,1080,0,0,1,2.3,256.0,1,0,0,1,0,0,1690.0
92,0,3,15.6,4.0,5,2.4,1366,768,0,0,0,2.2,500.0,0,1,0,0,1,0,387.0
50,7,4,12.5,8.0,5,1.09,3840,2160,1,0,1,1.2,240.0,1,0,0,1,0,0,3100.0
656,16,4,13.3,8.0,5,1.2,1366,768,0,0,1,2.3,256.0,1,0,0,1,0,0,1095.0
606,10,3,14.0,2.0,5,1.5,1366,768,0,0,1,1.6,64.0,0,0,1,1,0,0,229.0
503,10,3,15.6,4.0,7,2.32,1920,1080,0,0,1,2.5,0.0,0,0,0,1,0,0,825.0
1288,4,3,15.6,4.0,5,2.18,1366,768,0,0,1,2.5,1024.0,0,1,0,0,1,0,684.99
1193,10,0,14.0,4.0,5,1.8,1920,1080,1,1,1,2.5,128.0,1,0,0,1,0,0,638.0
188,16,3,13.3,8.0,5,1.2,1920,1080,0,0,1,2.3,256.0,1,0,0,1,0,0,1213.0
945,4,0,13.3,8.0,5,1.24,1920,1080,1,0,1,1.2,256.0,1,0,0,1,0,0,1899.0
1024,7,3,15.6,4.0,5,1.86,1366,768,0,0,1,2.0,500.0,0,1,0,0,1,0,438.69
53,7,3,17.3,4.0,5,2.5,1920,1080,0,1,1,2.0,256.0,1,0,0,0,1,0,699.0
981,10,3,15.6,8.0,5,2.2,1920,1080,0,0,1,2.7,1024.0,0,1,0,0,0,1,899.0
1282,10,1,15.6,16.0,5,2.6,1920,1080,1,1,1,2.6,1152.0,1,1,0,0,0,1,1029.0
721,7,3,15.6,6.0,5,2.1,1920,1080,0,0,0,2.7,1024.0,0,1,0,0,1,0,529.0
441,4,3,15.6,4.0,2,2.18,1366,768,0,0,1,2.5,1024.0,0,1,0,1,0,0,521.86
1222,7,4,13.3,8.0,5,1.38,1920,1080,0,1,1,2.7,256.0,1,0,0,0,0,1,1119.0
992,4,3,15.6,8.0,5,2.18,1920,1080,0,0,1,2.7,256.0,1,0,0,0,0,1,1009.9
1271,2,0,11.6,2.0,5,1.1,1366,768,1,0,1,1.1,32.0,0,0,1,1,0,0,275.0
546,2,3,15.6,4.0,5,2.2,1366,768,0,0,1,1.6,500.0,0,1,0,1,0,0,369.0
541,7,3,14.0,8.0,7,1.43,1920,1080,0,0,1,2.3,256.0,1,0,0,1,0,0,1469.0
915,14,1,14.0,16.0,5,1.95,1920,1080,0,0,1,2.8,256.0,1,0,0,0,0,1,2599.0
543,10,0,13.3,8.0,5,1.37,1920,1080,1,1,1,2.5,512.0,1,0,0,1,0,0,1825.0
139,7,3,15.6,4.0,5,2.04,1366,768,1,0,1,1.6,1024.0,0,1,0,1,0,0,521.47
929,4,3,15.6,8.0,2,2.3,1366,768,0,0,1,2.7,1024.0,0,1,0,0,1,0,805.99
565,7,3,15.6,8.0,5,2.04,1366,768,0,0,1,2.7,2048.0,0,1,0,1,0,0,629.0
300,10,3,15.6,8.0,5,2.2,1366,768,0,0,1,2.5,256.0,1,0,0,1,0,0,597.0
960,7,3,15.6,4.0,4,1.86,1366,768,0,0,1,1.6,128.0,1,0,0,1,0,0,299.0
750,7,1,17.3,8.0,5,2.75,1920,1080,0,1,1,2.3,1152.0,1,1,0,0,0,1,1399.0
362,2,3,15.6,4.0,5,2.37,1366,768,0,0,1,2.7,256.0,1,0,0,1,0,0,849.9
808,16,4,13.3,16.0,5,1.36,1920,1080,1,0,1,2.5,512.0,1,0,0,1,0,0,1877.0
263,4,1,15.6,8.0,5,2.62,1920,1080,0,0,1,2.8,0.0,0,0,0,0,0,1,899.0
701,16,3,14.0,8.0,5,1.25,1920,1080,1,1,1,2.5,256.0,1,0,0,1,0,0,1535.0
549,0,2,11.6,4.0,5,1.4,1366,768,0,0,1,1.6,32.0,0,0,1,1,0,0,269.0
530,2,3,17.3,4.0,5,2.8,1366,768,0,0,1,1.1,1024.0,0,1,0,0,0,1,470.34
1010,10,3,14.0,8.0,5,1.87,1920,1080,0,1,1,2.5,256.0,1,0,0,0,0,1,857.07
382,10,1,15.6,8.0,4,2.4,1920,1080,0,1,1,2.5,256.0,1,0,0,0,0,1,779.0
80,4,3,15.6,8.0,5,2.04,3840,2160,1,1,1,2.3,256.0,1,0,0,0,0,1,2250.68
939,4,1,15.6,8.0,5,2.62,1920,1080,0,0,1,2.5,256.0,1,0,0,0,0,1,985.0
789,7,3,14.0,8.0,5,1.64,1920,1080,0,0,1,2.7,256.0,1,0,0,0,0,1,1185.43
1239,10,3,15.6,8.0,5,2.3,1920,1080,0,0,1,2.3,256.0,1,0,0,1,0,0,1049.6
871,7,3,15.6,8.0,5,1.84,1920,1080,0,0,1,2.7,256.0,1,0,0,1,0,0,1304.0
218,7,4,12.5,4.0,5,1.26,1920,1080,0,0,1,2.5,500.0,0,1,0,1,0,0,1539.0
1182,4,4,15.6,8.0,5,1.88,1920,1080,0,0,1,1.9,512.0,1,0,0,1,0,0,1298.0
928,7,3,15.6,8.0,5,1.91,1366,768,0,0,1,2.5,256.0,1,0,0,0,1,0,618.99
722,10,3,15.6,8.0,5,2.2,1366,768,0,0,1,2.0,1024.0,0,1,0,1,0,0,459.0
126,4,3,15.6,8.0,2,2.2,1920,1080,0,0,1,1.6,1024.0,0,1,0,0,1,0,647.0
486,10,0,14.0,16.0,5,1.42,2560,1440,1,0,1,2.7,512.0,1,0,0,1,0,0,2509.0
1230,16,3,15.6,8.0,5,2.2,1920,1080,0,1,1,2.5,256.0,1,0,0,0,0,1,1043.0
823,4,3,15.6,8.0,5,2.0,1920,1080,0,0,1,1.6,256.0,1,0,0,0,0,1,1142.75
1300,4,3,15.6,8.0,5,2.36,1920,1080,0,0,1,2.5,1024.0,0,1,0,0,1,0,638.8
1190,7,3,15.6,4.0,5,1.86,1366,768,0,0,1,2.0,500.0,0,1,0,1,0,0,439.0
401,0,3,15.6,4.0,5,2.1,1366,768,0,0,1,1.1,1024.0,0,1,0,1,0,0,363.51
427,1,4,13.3,8.0,8,1.37,2560,1600,0,1,1,2.3,128.0,1,0,0,1,0,0,1339.69
990,10,4,12.5,8.0,5,0.99,2560,1440,1,1,1,1.2,512.0,1,0,0,1,0,0,1399.0
1043,4,3,15.6,8.0,5,1.98,1920,1080,0,0,1,2.7,1024.0,0,1,0,0,0,1,961.0
720,10,3,17.3,16.0,7,2.4,3840,2160,0,1,1,2.7,512.0,1,0,0,0,0,1,2968.0
973,0,3,15.6,8.0,2,2.5,1920,1080,0,0,1,2.8,256.0,1,0,0,0,0,1,979.0
191,10,2,11.6,4.0,1,1.25,1366,768,0,0,1,1.6,16.0,1,0,0,1,0,0,265.0
96,7,1,17.3,16.0,5,3.78,1920,1080,0,1,1,2.8,1280.0,1,1,0,0,0,1,1498.0
1233,10,3,15.6,8.0,4,2.2,1920,1080,0,0,1,2.7,1024.0,0,1,0,0,0,1,659.01
526,17,3,14.0,4.0,5,1.22,1920,1080,0,0,1,1.1,32.0,0,0,1,1,0,0,202.9
1122,10,1,15.6,8.0,5,3.2,1920,1080,0,1,1,2.8,1280.0,1,1,0,0,0,1,1399.0
325,7,3,15.6,4.0,4,1.86,1366,768,0,0,1,2.0,500.0,0,1,0,1,0,0,364.9
315,10,3,15.6,8.0,5,2.6,1920,1080,0,1,1,2.6,1024.0,0,1,0,0,0,1,899.0
554,7,4,15.6,8.0,5,1.84,1920,1080,0,0,1,2.7,512.0,1,0,0,1,0,0,1389.0
902,7,4,15.6,8.0,7,1.88,1920,1080,0,0,1,2.5,256.0,1,0,0,1,0,0,2171.72
890,4,3,15.6,8.0,5,2.14,1366,768,0,0,1,2.5,1024.0,0,1,0,1,0,0,539.95
697,10,4,12.5,8.0,5,1.36,1920,1080,0,1,1,2.5,256.0,1,0,0,1,0,0,1429.0
709,2,1,15.6,16.0,5,2.2,1920,1080,0,0,1,2.8,1280.0,1,1,0,0,0,1,2449.0
130,11,1,15.6,16.0,5,2.4,1920,1080,0,0,1,2.8,1280.0,1,1,0,0,0,1,1294.0
972,0,0,13.3,8.0,5,1.6,1920,1080,1,1,1,1.6,256.0,1,0,0,1,0,0,999.0
333,4,1,17.3,32.0,5,4.42,1920,1080,0,1,1,2.8,2048.0,1,1,0,0,0,1,3588.8
1142,4,3,15.6,4.0,5,2.3,1920,1080,0,0,1,2.5,500.0,0,1,0,0,1,0,585.0
934,4,4,13.3,16.0,5,1.29,3200,1800,1,0,1,2.5,512.0,1,0,0,1,0,0,2240.0
520,4,3,17.3,8.0,5,2.8,1920,1080,0,0,1,1.8,1152.0,1,1,0,0,1,0,1142.0
1111,7,3,15.6,8.0,5,1.84,1920,1080,0,0,1,2.4,756.0,1,1,0,1,0,0,2103.34
256,2,3,14.0,8.0,5,2.0,1920,1080,0,0,1,2.7,1280.0,1,1,0,1,0,0,1334.0
156,4,0,12.5,8.0,5,1.34,1920,1080,1,0,1,2.5,256.0,1,0,0,1,0,0,1670.0
305,16,3,15.6,8.0,5,2.2,1366,768,0,0,1,2.5,500.0,0,1,0,0,0,1,812.0
169,0,3,15.6,4.0,1,2.2,1366,768,0,0,1,1.5,16.0,1,0,0,1,0,0,209.0
1254,4,1,17.3,16.0,5,4.36,3840,2160,0,1,1,2.8,1536.0,1,1,0,0,0,1,3154.0
1191,4,3,15.6,8.0,2,2.2,1920,1080,0,0,1,2.7,256.0,1,0,0,0,1,0,749.01
437,4,0,15.6,8.0,5,2.08,1920,1080,1,1,1,1.8,1024.0,0,1,0,1,0,0,819.0
1177,10,0,14.0,16.0,5,2.8,2560,1440,1,1,1,2.6,512.0,1,0,0,1,0,0,2440.0
377,4,3,15.6,8.0,5,2.0,1920,1080,0,0,1,2.8,256.0,1,0,0,0,0,1,1820.0
667,10,3,13.3,8.0,5,1.44,1920,1080,0,1,1,2.5,256.0,1,0,0,1,0,0,960.0
616,7,5,17.3,8.0,5,3.14,1920,1080,0,0,1,2.8,500.0,0,1,0,0,0,1,1907.99
1103,6,4,12.3,8.0,1,1.1,2400,1600,1,0,1,1.2,256.0,1,0,0,1,0,0,1559.0
2,7,4,14.0,8.0,5,1.48,1920,1080,0,0,1,2.7,512.0,1,0,0,1,0,0,2089.0
583,11,1,17.3,8.0,5,2.7,1920,1080,0,0,1,2.8,256.0,1,0,0,0,0,1,1349.0
1257,10,3,14.0,8.0,5,1.7,1920,1080,0,0,1,2.3,256.0,1,0,0,1,0,0,1186.0
848,4,3,15.6,4.0,5,2.18,1920,1080,0,0,1,2.5,1024.0,0,1,0,1,0,0,657.0
112,1,4,13.3,8.0,8,1.34,1440,900,0,0,1,1.8,256.0,0,0,1,1,0,0,1158.7
1013,0,3,15.6,8.0,5,2.2,1920,1080,0,1,1,1.8,256.0,1,0,0,0,0,1,841.0
1203,2,3,15.6,4.0,2,2.0,1920,1080,0,0,1,2.5,256.0,1,0,0,1,0,0,559.0
1166,4,3,17.3,8.0,5,2.8,1920,1080,0,1,1,1.6,1152.0,1,1,0,0,1,0,979.0
435,10,0,14.0,16.0,5,1.42,2560,1440,1,0,1,2.7,1024.0,1,0,0,1,0,0,2824.0
633,2,3,14.0,4.0,5,1.5,1920,1080,0,0,1,1.1,32.0,0,0,1,1,0,0,298.0
43,7,3,15.6,8.0,5,1.86,1920,1080,0,0,1,2.5,1024.0,0,1,0,1,0,0,639.0
825,16,3,13.3,4.0,5,1.05,1920,1080,0,0,1,2.5,128.0,1,0,0,1,0,0,1285.0
329,2,1,17.3,16.0,5,2.9,1920,1080,0,0,1,2.8,1280.0,1,1,0,0,0,1,2122.0
602,10,3,15.6,8.0,5,1.95,1920,1080,0,1,1,2.5,256.0,1,0,0,1,0,0,1390.0
878,10,4,12.5,8.0,5,1.3,1366,768,0,1,1,2.3,180.0,1,0,0,1,0,0,1099.0
70,10,3,17.3,8.0,5,3.4,1920,1080,0,1,1,2.8,256.0,1,0,0,0,0,1,2999.0
770,4,1,15.6,16.0,5,2.65,1920,1080,0,1,1,2.8,1152.0,1,1,0,0,0,1,1349.0
965,4,3,15.6,8.0,2,1.98,1920,1080,0,0,1,2.7,256.0,1,0,0,0,0,1,895.01
570,0,3,14.0,4.0,1,1.45,1366,768,0,0,1,1.6,32.0,0,0,1,1,0,0,375.0
282,10,3,14.0,2.0,5,1.5,1366,768,0,0,1,1.6,64.0,0,0,1,1,0,0,229.0
7,7,3,15.6,8.0,5,1.9,1920,1080,0,0,1,2.7,1024.0,0,1,0,0,1,0,1269.0
120,2,4,14.0,8.0,5,1.25,1920,1080,0,0,1,1.8,256.0,1,0,0,1,0,0,1099.0
189,2,1,15.6,16.0,5,2.2,1920,1080,0,1,1,2.8,1152.0,1,1,0,0,0,1,1449.0
301,2,4,14.0,16.0,5,1.3,1920,1080,0,0,1,1.8,512.0,1,0,0,0,0,1,1495.0
490,7,3,15.6,4.0,4,1.86,1366,768,0,0,1,2.5,500.0,0,1,0,1,0,0,393.9
913,4,3,15.6,8.0,2,2.3,1366,768,0,0,1,2.7,1024.0,0,1,0,0,1,0,805.99
296,7,0,14.0,4.0,5,1.63,1920,1080,1,1,1,2.4,128.0,1,0,0,0,0,1,699.0
1078,7,3,14.0,4.0,7,1.54,1920,1080,0,0,1,2.3,256.0,1,0,0,1,0,0,1099.99
577,4,3,15.6,4.0,7,2.24,1366,768,0,0,1,2.3,500.0,0,1,0,0,1,0,769.15
452,10,0,10.1,4.0,0,0.69,1920,1200,1,1,1,1.44,64.0,0,0,1,1,0,0,549.0
841,7,4,12.5,8.0,5,1.26,1920,1080,0,0,1,2.5,256.0,1,0,0,1,0,0,1349.0
356,4,1,17.3,16.0,5,4.42,2560,1440,0,1,1,2.9,1280.0,1,1,0,0,0,1,2799.0
267,10,3,15.6,8.0,4,2.2,1366,768,0,0,1,2.0,256.0,1,0,0,0,0,1,499.0
425,7,3,15.6,4.0,5,1.96,1366,768,0,0,1,1.6,1024.0,0,1,0,1,0,0,500.0
465,7,5,15.6,8.0,5,2.0,1920,1080,0,1,1,2.7,8.0,1,0,0,0,0,1,2249.0
755,8,4,13.0,8.0,5,1.05,2160,1440,0,1,1,2.5,256.0,1,0,0,1,0,0,1349.0
754,10,1,15.6,16.0,5,3.2,1920,1080,0,1,1,2.8,1536.0,1,1,0,0,0,1,1749.0
598,7,3,14.0,4.0,5,1.64,1366,768,0,0,1,2.4,500.0,0,1,0,1,0,0,684.0
48,7,3,15.6,8.0,5,2.1,1920,1080,0,0,1,1.6,1024.0,0,1,0,1,0,0,794.0
434,0,3,14.0,4.0,5,1.8,1920,1080,0,1,1,2.4,128.0,1,0,0,1,0,0,636.0
328,16,3,15.6,8.0,5,2.2,1920,1080,0,1,1,2.5,256.0,1,0,0,1,0,0,1399.0
1051,15,2,11.6,4.0,1,1.15,1366,768,0,0,1,1.6,16.0,0,0,1,1,0,0,269.0
248,16,3,15.6,4.0,5,2.1,1366,768,0,0,1,2.2,500.0,0,1,0,1,0,0,447.0
100,4,3,14.0,8.0,5,1.6,1920,1080,0,0,1,2.5,128.0,1,0,0,1,0,0,1119.0
575,10,3,15.6,4.0,4,1.9,1366,768,0,0,1,2.0,1024.0,0,1,0,0,1,0,368.0
561,4,3,15.6,8.0,2,2.2,1920,1080,0,0,1,1.6,256.0,1,0,0,0,1,0,677.35
814,10,3,15.6,8.0,5,2.3,1920,1080,0,0,1,2.3,256.0,1,0,0,1,0,0,1349.0
1028,10,3,14.0,8.0,4,1.7,1920,1080,0,1,1,2.7,256.0,1,0,0,1,0,0,599.0
453,10,1,15.6,8.0,5,2.5,1920,1080,0,1,1,2.8,1152.0,1,1,0,0,0,1,1189.0
68,4,3,15.6,4.0,2,2.18,1366,768,0,0,1,2.0,1024.0,0,1,0,1,0,0,443.9
729,4,1,15.6,8.0,5,2.65,1920,1080,0,0,1,2.5,1024.0,0,1,0,0,0,1,999.0
759,16,3,14.0,4.0,5,1.47,1920,1080,0,1,1,2.3,128.0,1,0,0,1,0,0,1105.0
359,10,0,14.0,8.0,5,1.7,1920,1080,1,0,1,2.5,256.0,1,0,0,1,0,0,999.0
493,10,4,14.0,24.0,5,1.32,2560,1440,0,0,1,2.7,512.0,1,0,0,1,0,0,2382.0
692,1,4,15.4,16.0,8,1.83,2880,1800,0,1,1,2.8,256.0,1,0,0,0,1,0,2439.97
24,11,1,17.3,16.0,5,2.7,1920,1080,0,0,1,2.8,1280.0,1,1,0,0,0,1,1492.8
856,4,5,15.6,16.0,5,2.8,3840,2160,0,0,1,3.0,1280.0,1,1,0,0,0,1,3055.0
704,4,3,15.6,2.0,5,2.2,1366,768,0,0,1,1.6,500.0,0,1,0,1,0,0,379.0
1171,10,3,15.6,4.0,5,2.1,1366,768,0,0,1,2.3,500.0,0,1,0,1,0,0,540.0
354,2,1,17.3,16.0,5,2.9,1920,1080,0,0,1,2.8,1280.0,1,1,0,0,0,1,1407.0
590,4,1,15.6,16.0,5,3.21,1920,1080,0,0,1,2.8,1280.0,1,1,0,0,0,1,2774.63
413,10,3,15.6,4.0,5,1.8,1920,1080,0,0,1,1.6,256.0,1,0,0,1,0,0,829.0
1157,4,3,15.6,4.0,2,2.2,1920,1080,0,0,1,2.0,256.0,1,0,0,0,1,0,485.0
0,4,4,13.3,8.0,5,1.3,3200,1800,0,0,1,2.5,256.0,1,0,0,1,0,0,1268.0
626,11,1,17.3,8.0,5,2.7,1920,1080,0,0,1,2.8,1152.0,1,1,0,0,0,1,1486.77
677,7,3,14.0,8.0,5,1.63,1920,1080,0,0,1,1.8,256.0,1,0,0,1,0,0,988.0
637,4,4,13.3,8.0,5,1.4,1920,1080,0,1,1,1.8,256.0,1,0,0,0,1,0,955.0
1211,7,3,15.6,4.0,5,2.31,1366,768,0,0,1,2.3,500.0,0,1,0,1,0,0,705.15
245,4,5,15.6,8.0,5,2.23,1920,1080,0,0,1,3.0,1088.0,0,1,1,0,0,1,1993.0
1094,10,0,14.0,4.0,5,1.8,1920,1080,1,1,1,2.5,128.0,1,0,0,1,0,0,638.0
388,4,3,15.6,16.0,5,2.06,1920,1080,0,0,1,2.8,512.0,1,0,0,0,0,1,1899.0
1280,10,0,13.9,8.0,5,1.38,1920,1080,1,1,1,2.7,256.0,1,0,0,1,0,0,1079.0
593,0,3,15.6,4.0,5,2.2,1920,1080,0,1,1,1.6,1024.0,0,1,0,0,0,1,613.0
352,2,1,17.3,8.0,5,3.2,1920,1080,0,0,0,3.0,1280.0,1,1,0,0,1,0,1299.0
955,4,3,15.6,4.0,5,2.2,1920,1080,0,0,1,2.0,256.0,1,0,0,0,1,0,498.9
713,10,3,14.0,8.0,5,1.9,1920,1080,0,1,1,2.5,256.0,1,0,0,1,0,0,938.0
379,7,3,15.6,8.0,5,2.1,1920,1080,0,1,1,2.4,1024.0,0,1,0,0,0,1,716.0
16,7,3,13.3,4.0,5,1.49,1920,1080,0,0,1,2.4,128.0,1,0,0,1,0,0,719.0
1005,7,3,15.6,8.0,5,1.84,1920,1080,0,0,1,2.5,256.0,1,0,0,1,0,0,1228.99
1053,10,3,15.6,4.0,5,2.2,1920,1080,0,0,1,1.1,128.0,1,0,0,1,0,0,349.0
669,10,0,13.9,8.0,5,1.38,1920,1080,1,1,1,2.7,256.0,1,0,0,1,0,0,1349.0
402,4,3,15.6,16.0,5,2.32,1920,1080,0,0,1,2.7,2048.0,0,1,0,0,1,0,989.99
849,1,4,12.0,8.0,3,0.92,2304,1440,0,1,1,1.1,256.0,0,0,1,1,0,0,1163.0
323,1,4,13.3,8.0,8,1.37,2560,1600,0,1,1,3.1,256.0,1,0,0,1,0,0,1803.6
615,7,3,13.3,4.0,1,1.29,3200,1800,0,0,1,1.5,32.0,0,0,1,1,0,0,615.0
389,10,3,15.6,8.0,5,2.3,1920,1080,0,0,1,2.5,256.0,1,0,0,1,0,0,830.0
1084,10,3,15.6,8.0,5,2.1,1920,1080,0,1,1,1.6,1280.0,1,1,0,0,1,0,1144.5
1261,11,1,15.6,16.0,5,2.8,1920,1080,0,1,1,2.8,1280.0,1,1,0,0,0,1,2099.0
562,4,3,17.3,8.0,2,2.83,1920,1080,0,0,1,2.7,1024.0,0,1,0,0,1,0,865.0
768,10,3,13.3,4.0,5,1.5,1920,1080,0,1,1,2.4,128.0,1,0,0,1,0,0,549.0
164,10,0,13.9,16.0,5,1.4,3840,2160,1,1,1,1.8,512.0,1,0,0,1,0,0,2099.0
525,10,3,14.0,4.0,1,1.5,1366,768,0,0,1,1.6,16.0,0,0,1,1,0,0,325.0
134,4,1,15.6,16.0,5,2.65,1920,1080,0,1,1,2.8,1280.0,1,1,0,0,0,1,1499.0
743,2,1,15.6,8.0,5,2.3,1920,1080,0,1,1,2.5,1152.0,1,1,0,0,0,1,1649.0
821,10,3,15.6,4.0,5,2.2,1920,1080,0,0,1,2.0,128.0,1,0,0,1,0,0,499.0
836,16,3,15.6,16.0,5,2.4,1920,1080,0,1,1,2.6,256.0,1,0,0,0,0,1,1975.0
824,4,0,11.6,4.0,5,1.47,1366,768,1,0,1,1.6,500.0,0,1,0,1,0,0,479.0
464,16,3,14.0,8.0,5,1.95,1920,1080,0,0,1,2.3,256.0,1,0,0,1,0,0,1180.0
410,4,3,15.6,16.0,5,2.3,1920,1080,0,0,1,2.7,256.0,1,0,0,0,1,0,1181.27
1302,10,3,15.6,8.0,5,2.1,1920,1080,0,1,1,1.8,256.0,1,0,0,0,1,0,1229.56
129,7,0,15.6,4.0,5,2.3,1366,768,1,0,1,2.5,500.0,0,1,0,1,0,0,684.8
700,10,0,14.0,8.0,5,1.8,1920,1080,1,1,1,2.5,256.0,1,0,0,1,0,0,1669.0
127,10,3,15.6,4.0,5,1.85,1920,1080,0,0,1,2.7,1024.0,0,1,0,1,0,0,779.0
1228,2,4,15.6,16.0,5,1.63,1920,1080,0,0,1,2.7,512.0,1,0,0,0,0,1,1468.0
203,17,3,14.0,4.0,5,1.3,1920,1080,0,1,1,1.1,32.0,0,0,1,1,0,0,260.0
262,7,4,12.5,8.0,5,1.26,1920,1080,0,0,1,2.7,256.0,1,0,0,1,0,0,1335.0
883,4,1,17.3,32.0,5,4.42,1920,1080,0,0,1,2.6,1280.0,1,1,0,0,0,1,2800.0
976,10,4,14.0,16.0,5,1.7,1920,1080,0,0,1,2.7,512.0,1,0,0,1,0,0,2299.0
484,0,1,17.3,16.0,5,4.2,1920,1080,0,1,1,2.8,1280.0,1,1,0,0,0,1,2599.0
148,10,5,15.6,16.0,5,2.3,3840,2160,0,1,1,2.8,512.0,1,0,0,0,0,1,2445.0
893,7,3,15.6,4.0,5,2.1,1920,1080,0,1,1,2.7,500.0,0,1,0,0,1,0,689.0
798,0,3,15.6,4.0,5,2.1,1366,768,0,0,0,3.0,1024.0,0,1,0,0,1,0,395.0
219,2,0,11.6,4.0,5,1.5,1366,768,1,0,1,1.1,32.0,0,0,1,1,0,0,375.0
969,10,3,15.6,8.0,4,2.2,1920,1080,0,0,1,2.5,256.0,1,0,0,1,0,0,549.0
1046,0,3,15.6,4.0,5,2.23,1920,1080,0,0,1,2.0,1024.0,0,1,0,0,0,1,544.0
252,4,1,15.6,16.0,5,2.59,1920,1080,0,0,1,2.6,1024.0,0,1,0,0,0,1,879.01
796,10,0,13.3,8.0,5,1.19,1920,1080,1,1,1,1.8,512.0,1,0,0,1,0,0,1499.0
220,4,3,15.6,32.0,5,2.06,3840,2160,1,0,1,2.8,1024.0,1,0,0,0,0,1,2639.0
882,7,3,17.3,16.0,5,2.5,1920,1080,0,0,1,1.8,512.0,1,0,0,0,0,1,1271.0
1016,11,1,15.6,8.0,5,2.4,1920,1080,0,0,1,2.5,256.0,1,0,0,0,0,1,1199.0
403,0,3,15.6,4.0,5,2.1,1366,768,0,0,0,3.0,128.0,1,0,0,0,1,0,426.0
292,10,4,14.0,8.0,5,1.32,1920,1080,0,1,1,2.5,256.0,1,0,0,1,0,0,1799.0
571,10,4,14.0,8.0,7,1.7,1920,1080,0,0,1,2.6,256.0,1,0,0,1,0,0,1499.0
360,10,3,15.6,4.0,4,2.2,1920,1080,0,0,1,2.0,256.0,1,0,0,1,0,0,444.0
1026,0,3,15.6,8.0,2,2.4,1920,1080,0,0,1,2.8,1024.0,0,1,0,0,0,1,779.0
141,15,4,13.3,8.0,5,1.31,1920,1080,1,0,1,2.7,256.0,1,0,0,1,0,0,1599.0
1065,16,3,15.6,4.0,5,2.0,1366,768,0,0,1,2.4,500.0,0,1,0,1,0,0,489.0
471,4,3,15.6,8.0,5,2.2,1920,1080,0,0,1,1.6,256.0,1,0,0,0,1,0,797.41
1017,2,1,17.3,16.0,5,2.73,1920,1080,0,0,1,2.8,1280.0,1,1,0,0,0,1,2049.9
600,4,3,15.6,4.0,5,1.8,1366,768,0,0,1,1.6,500.0,0,1,0,1,0,0,309.0
1011,0,2,11.6,2.0,1,1.3,1366,768,0,0,1,1.5,32.0,1,0,0,1,0,0,174.0
643,2,4,13.3,16.0,5,1.1,1920,1080,1,0,1,2.7,512.0,1,0,0,1,0,0,1748.9
553,4,4,13.3,4.0,5,1.4,1920,1080,0,1,1,1.6,256.0,1,0,0,0,1,0,818.35
1086,10,3,15.6,4.0,4,2.2,1366,768,0,0,1,1.1,1024.0,0,1,0,1,0,0,359.99
1059,4,3,15.6,4.0,2,2.18,1920,1080,0,0,1,2.5,128.0,1,0,0,0,1,0,569.0
288,7,3,13.3,4.0,5,1.49,1920,1080,0,1,1,1.6,128.0,1,0,0,1,0,0,726.0
230,7,3,15.6,4.0,5,1.86,1366,768,0,0,0,1.8,500.0,0,1,0,0,1,0,297.0
611,7,3,13.3,4.0,5,1.49,1366,768,0,0,1,2.4,500.0,0,1,0,1,0,0,800.0
911,7,3,15.6,4.0,5,2.1,1366,768,0,0,0,1.5,500.0,0,1,0,0,1,0,330.0
1212,7,3,15.6,8.0,5,1.84,1920,1080,0,0,1,2.7,256.0,1,0,0,1,0,0,1219.0
1139,10,3,15.6,8.0,4,2.2,1920,1080,0,0,1,2.7,1024.0,0,1,0,0,0,1,685.0
1226,4,3,14.0,8.0,5,1.6,1920,1080,0,0,1,2.5,256.0,1,0,0,1,0,0,859.0
418,7,3,13.3,8.0,5,1.11,1920,1080,0,1,1,2.5,256.0,1,0,0,1,0,0,1149.0
162,2,3,14.0,4.0,5,1.63,1366,768,0,0,1,1.1,32.0,0,0,1,1,0,0,299.0
49,12,0,11.6,4.0,5,1.16,1920,1080,1,1,1,1.1,32.0,1,0,0,1,0,0,299.0
980,7,3,15.6,4.0,4,2.1,1920,1080,0,0,1,2.0,500.0,0,1,0,1,0,0,349.0
970,11,1,15.6,16.0,5,2.94,1920,1080,0,0,1,2.6,1280.0,1,1,0,0,0,1,1819.0
367,7,3,15.6,8.0,5,1.86,1920,1080,0,0,1,2.5,256.0,1,0,0,1,0,0,690.0
239,7,3,15.6,4.0,4,1.86,1920,1080,0,0,1,2.0,500.0,0,1,0,1,0,0,344.99
778,10,0,14.0,8.0,5,1.27,2560,1440,1,1,1,2.5,256.0,1,0,0,1,0,0,2339.0
17,4,3,15.6,4.0,2,2.09,1366,768,0,0,1,2.3,500.0,0,1,0,1,0,0,523.63
784,4,4,12.5,8.0,7,1.5,1366,768,0,0,1,2.3,256.0,1,0,0,1,0,0,1413.1
1121,2,0,13.3,8.0,5,1.1,1920,1080,1,0,1,1.6,256.0,1,0,0,1,0,0,1315.0
422,2,2,11.6,2.0,5,0.98,1366,768,0,0,1,1.44,32.0,0,0,1,1,0,0,191.9
1042,7,1,17.3,12.0,5,3.35,1920,1080,0,0,1,2.8,1280.0,1,1,0,0,0,1,1999.0
842,4,3,15.6,8.0,5,2.06,3840,2160,1,0,1,2.5,256.0,1,0,0,0,0,1,1749.0
1260,10,3,15.6,4.0,5,2.1,1366,768,0,0,1,2.0,500.0,0,1,0,1,0,0,489.9
460,7,5,15.6,8.0,5,3.14,1920,1080,0,0,1,2.8,256.0,1,0,0,0,0,1,2064.9
985,2,3,15.6,6.0,5,2.0,1920,1080,0,0,1,2.4,256.0,1,0,0,0,0,1,577.0
614,11,1,15.6,16.0,5,1.91,1920,1080,0,0,1,2.6,1152.0,1,1,0,0,0,1,2153.37
176,5,3,15.6,8.0,5,2.2,1366,768,0,0,1,2.5,256.0,1,0,0,1,0,0,799.0
167,13,4,13.5,8.0,6,1.252,2256,1504,1,0,1,2.5,256.0,1,0,0,1,0,0,1340.0
78,10,3,15.6,4.0,5,2.2,1920,1080,0,0,1,1.1,500.0,0,1,0,1,0,0,344.0
1201,10,1,15.6,8.0,4,2.4,1920,1080,0,1,1,2.8,1280.0,1,1,0,0,0,1,1149.0
676,2,1,17.3,16.0,5,3.6,1920,1080,0,0,1,2.9,256.0,1,0,0,0,0,1,2999.0
1131,2,3,14.0,8.0,5,2.0,1920,1080,0,0,1,2.5,256.0,1,0,0,1,0,0,945.0
1220,10,1,15.6,8.0,5,2.6,1920,1080,0,1,1,2.6,1152.0,1,1,0,0,0,1,1272.0
511,7,2,11.6,2.0,5,1.17,1366,768,0,0,1,1.6,32.0,0,0,1,1,0,0,209.0
1050,10,3,15.6,6.0,5,2.4,1920,1080,0,0,1,2.3,128.0,1,0,0,0,0,1,569.0
574,1,4,13.3,8.0,8,1.37,2560,1600,0,1,1,2.3,256.0,1,0,0,1,0,0,1518.55
1108,2,1,17.3,16.0,5,4.3,1920,1080,0,1,1,2.6,1152.0,1,1,0,0,0,1,2299.0
331,2,1,17.3,16.0,5,2.99,1920,1080,0,0,1,2.8,1280.0,1,1,0,0,0,1,1749.0
380,0,3,15.6,4.0,5,2.1,1366,768,0,0,1,2.5,256.0,1,0,0,1,0,0,599.0
94,2,0,13.3,8.0,5,1.1,1920,1080,1,0,1,2.5,256.0,1,0,0,1,0,0,1358.0
1091,10,4,14.0,8.0,5,1.13,1920,1080,0,1,1,2.7,512.0,1,0,0,1,0,0,2499.0
533,16,3,15.6,4.0,5,2.1,1366,768,0,0,1,2.1,128.0,1,0,0,1,0,0,498.0
1093,10,3,15.6,4.0,4,2.2,1366,768,0,0,1,2.0,128.0,1,0,0,1,0,0,369.0
31,7,4,15.6,8.0,5,1.83,1920,1080,0,1,1,1.8,256.0,1,0,0,0,0,1,699.0
522,2,4,14.0,8.0,5,1.25,1920,1080,0,0,1,2.7,256.0,1,0,0,1,0,0,1049.0
470,2,3,15.6,8.0,5,2.0,1920,1080,0,0,1,1.1,128.0,1,0,0,1,0,0,581.9
950,4,3,15.6,16.0,2,2.36,1920,1080,0,0,1,2.7,256.0,1,0,0,0,1,0,899.0
1165,2,0,12.5,8.0,1,1.2,1920,1080,0,0,1,1.2,64.0,0,0,1,1,0,0,1159.0
1170,7,5,17.3,8.0,7,3.0,1920,1080,0,1,1,2.6,256.0,1,0,0,0,0,1,3949.4
735,4,5,15.6,16.0,5,2.17,1920,1080,0,1,1,2.7,256.0,1,0,0,0,0,1,1975.0
523,10,3,14.0,8.0,5,1.58,1920,1080,0,1,1,2.7,256.0,1,0,0,1,0,0,1480.0
681,10,3,15.6,8.0,4,2.32,1920,1080,0,0,1,2.3,1024.0,0,1,0,0,1,0,599.0
694,15,4,13.3,16.0,5,0.81,1920,1080,0,0,1,2.7,256.0,1,0,0,1,0,0,1649.0
728,1,4,12.0,8.0,8,0.92,2304,1440,0,1,1,1.2,256.0,1,0,0,1,0,0,1262.4
932,7,3,17.3,8.0,5,2.5,1920,1080,0,0,1,1.6,1024.0,0,1,0,0,0,1,896.0
873,2,1,15.6,8.0,5,2.5,1920,1080,0,0,1,2.8,256.0,1,0,0,0,0,1,999.0
144,7,3,17.3,8.0,5,2.5,1920,1080,0,1,1,1.6,1024.0,0,1,0,0,0,1,914.0
378,10,3,15.6,6.0,5,2.4,1920,1080,0,0,1,2.5,1024.0,0,1,0,1,0,0,564.0
982,7,3,15.6,8.0,5,2.04,1366,768,1,0,1,2.5,1024.0,0,1,0,1,0,0,559.0
341,10,3,15.6,4.0,5,2.2,1920,1080,0,0,1,2.7,1024.0,0,1,0,0,0,1,799.0
311,2,1,17.3,16.0,5,3.2,1920,1080,0,0,0,3.0,1280.0,1,1,0,0,1,0,1549.0
953,7,3,17.3,8.0,5,2.63,1600,900,0,0,1,2.5,1024.0,0,1,0,0,0,1,910.0
232,7,3,15.6,6.0,5,2.04,1920,1080,0,0,1,2.0,1024.0,0,1,0,0,1,0,539.0
983,10,3,15.6,4.0,4,1.9,1366,768,0,0,1,1.1,128.0,1,0,0,1,0,0,270.62
165,10,3,17.3,8.0,5,3.0,1600,900,0,0,1,2.3,0.0,0,1,0,0,1,0,659.0
538,10,3,15.6,4.0,5,2.1,1920,1080,0,0,1,2.5,2048.0,0,1,0,1,0,0,621.45
1096,7,3,13.3,8.0,5,1.49,1920,1080,0,0,1,1.6,512.0,1,0,0,1,0,0,959.0
449,2,0,13.3,8.0,5,1.1,1920,1080,1,0,1,1.8,1024.0,1,0,0,1,0,0,1499.0
1290,7,3,17.3,8.0,5,2.54,1600,900,0,0,1,2.0,1024.0,0,1,0,1,0,0,489.0
665,10,3,15.6,4.0,4,1.9,1366,768,0,0,1,1.1,1024.0,0,1,0,1,0,0,252.36
693,10,3,15.6,8.0,5,1.9,1920,1080,0,0,1,2.5,1152.0,1,1,0,0,1,0,813.0
270,4,3,15.6,4.0,5,2.2,1366,768,0,0,1,2.0,1024.0,0,1,0,0,1,0,545.67
519,7,1,15.6,8.0,5,2.2,1920,1080,0,1,1,2.8,1152.0,1,1,0,0,0,1,1099.0
710,10,4,12.5,8.0,5,1.36,1920,1080,0,1,1,2.6,256.0,1,0,0,1,0,0,1760.0
236,7,3,14.0,8.0,5,1.63,1920,1080,0,0,1,1.6,256.0,1,0,0,1,0,0,860.0
1194,4,3,15.6,8.0,2,2.14,1920,1080,0,0,1,1.8,256.0,1,0,0,0,1,0,735.07
1075,17,3,14.0,2.0,5,1.45,1366,768,0,0,1,1.44,32.0,0,0,1,1,0,0,210.8
498,7,1,17.3,8.0,5,3.35,1920,1080,0,1,1,2.3,1152.0,1,1,0,0,0,1,1129.0
135,2,3,15.6,8.0,5,2.0,1920,1080,0,0,1,2.7,1280.0,1,1,0,1,0,0,1224.0
1241,10,3,17.3,6.0,5,2.8,1600,900,0,0,1,2.5,1024.0,0,1,0,0,0,1,649.0
67,7,4,12.5,4.0,5,1.26,1920,1080,0,0,1,2.3,500.0,0,1,0,1,0,0,1579.0
964,2,3,15.6,4.0,2,2.0,1366,768,0,0,1,1.1,500.0,0,1,0,1,0,0,224.0
39,4,3,15.6,8.0,5,2.33,1920,1080,0,0,1,2.7,256.0,1,0,0,0,1,0,899.0
703,7,3,15.6,6.0,5,1.91,1920,1080,0,0,1,1.6,256.0,1,0,0,0,1,0,619.0
568,4,4,12.5,8.0,5,1.36,1920,1080,1,0,1,2.5,256.0,1,0,0,1,0,0,1472.2
563,10,4,14.0,8.0,5,1.32,1920,1080,0,1,1,2.5,256.0,1,0,0,1,0,0,1499.0
591,10,0,15.6,8.0,5,2.08,1920,1080,1,0,1,2.5,256.0,1,0,0,0,1,0,959.0
921,4,3,15.6,8.0,5,2.2,1920,1080,0,0,1,1.8,2176.0,1,1,0,0,1,0,985.0
481,2,1,17.3,12.0,2,3.0,1920,1080,0,0,1,2.8,1024.0,0,1,0,0,0,1,949.0
1140,16,3,15.6,8.0,5,2.0,1920,1080,0,1,1,2.5,500.0,0,1,0,1,0,0,1064.0
249,4,5,15.6,8.0,5,1.78,1920,1080,0,0,1,2.8,256.0,1,0,0,0,0,1,2408.0
510,0,4,14.0,8.0,5,1.6,1920,1080,0,1,1,1.8,256.0,1,0,0,1,0,0,884.0
455,4,3,15.6,8.0,5,2.3,1366,768,1,0,1,2.4,1024.0,0,1,0,1,0,0,469.01
767,16,4,12.5,8.0,5,1.1,1920,1080,1,0,1,2.7,512.0,1,0,0,1,0,0,1790.0
225,10,3,15.6,4.0,5,2.1,1366,768,0,0,1,2.0,128.0,1,0,0,1,0,0,429.0
963,4,3,13.3,4.0,5,1.65,1366,768,0,0,1,2.0,500.0,0,1,0,1,0,0,849.0
208,10,0,14.0,4.0,5,1.8,1920,1080,1,1,1,2.5,128.0,1,0,0,1,0,0,638.0
150,2,3,15.6,4.0,5,2.0,1366,768,0,0,1,2.5,256.0,1,0,0,1,0,0,586.19
850,7,3,15.6,4.0,5,1.63,1366,768,0,0,1,2.0,128.0,1,0,0,1,0,0,689.0
196,10,0,13.3,8.0,5,1.3,1920,1080,1,1,1,2.5,256.0,1,0,0,1,0,0,1034.0
1031,7,3,15.6,4.0,5,2.04,1920,1080,0,0,1,2.4,500.0,0,1,0,1,0,0,685.0
597,11,1,14.0,16.0,5,1.7,1920,1080,0,0,1,2.6,1280.0,1,1,0,0,0,1,1769.0
105,7,3,15.6,8.0,5,2.04,1366,768,0,0,1,2.5,1024.0,0,1,0,0,0,1,846.5
646,10,3,15.6,4.0,5,2.2,1920,1080,0,0,1,2.0,500.0,0,1,0,1,0,0,409.0
843,2,3,15.6,4.0,2,2.0,1366,768,0,0,1,1.1,1024.0,0,1,0,1,0,0,398.99
303,4,0,13.3,8.0,5,1.62,1920,1080,1,0,1,1.8,256.0,1,0,0,1,0,0,869.01
1,4,3,15.6,4.0,5,2.06,1366,768,0,0,1,2.3,500.0,0,1,0,1,0,0,481.98
815,4,3,15.6,6.0,5,2.3,1366,768,0,0,1,2.4,1024.0,0,1,0,1,0,0,459.0
444,2,0,13.3,8.0,5,1.27,1920,1080,1,1,1,2.5,256.0,1,0,0,1,0,0,928.0
1149,10,3,13.3,8.0,5,1.4,1920,1080,0,1,1,2.4,256.0,1,0,0,1,0,0,949.0
678,7,3,17.3,16.0,5,2.9,1920,1080,0,1,1,1.8,1024.0,0,1,0,0,0,1,1059.0
271,10,3,15.6,16.0,5,2.5,1920,1080,0,0,1,2.5,0.0,0,0,0,0,1,0,1099.0
607,11,1,15.6,16.0,5,1.8,1920,1080,0,0,1,2.8,1280.0,1,1,0,0,0,1,2094.48
731,4,3,15.6,16.0,5,2.06,3840,2160,1,0,1,2.8,512.0,1,0,0,0,0,1,2397.0
642,2,1,17.3,8.0,5,3.0,1920,1080,0,0,1,2.8,1024.0,0,1,0,0,0,1,1187.0
121,4,1,15.6,8.0,5,2.65,1920,1080,0,0,1,2.5,256.0,1,0,0,0,0,1,1195.0
499,2,1,17.3,8.0,5,3.0,1920,1080,0,0,1,2.5,1152.0,1,1,0,0,0,1,938.0
997,2,3,15.6,4.0,5,2.2,1366,768,0,0,1,2.5,500.0,0,1,0,0,0,1,720.32
1270,4,1,15.6,8.0,5,2.56,1920,1080,0,0,1,2.5,1024.0,0,1,0,0,0,1,819.0
1301,4,3,15.6,8.0,5,2.06,1920,1080,0,0,1,2.5,1024.0,0,1,0,1,0,0,955.0
344,4,1,15.6,8.0,5,2.62,3840,2160,0,0,1,2.8,1152.0,1,1,0,0,0,1,1498.0
748,4,3,15.6,16.0,5,2.06,3840,2160,1,0,1,2.8,1024.0,1,0,0,0,0,1,2399.0
786,7,3,17.3,8.0,5,2.5,1600,900,0,0,1,2.0,256.0,1,0,0,1,0,0,639.9
163,10,1,15.6,8.0,5,2.4,1920,1080,0,1,1,2.5,1024.0,0,1,0,0,0,1,819.0
187,2,3,15.6,8.0,5,2.37,1920,1080,0,0,1,2.5,1024.0,0,1,0,1,0,0,749.0
550,4,3,15.6,4.0,5,2.29,1366,768,0,0,1,2.0,500.0,0,1,0,1,0,0,490.0
696,7,3,15.6,4.0,5,1.86,1366,768,0,0,0,2.5,256.0,1,0,0,0,1,0,369.0
1294,7,3,15.6,4.0,5,1.86,1366,768,0,0,1,2.5,500.0,0,1,0,1,0,0,485.0
1113,2,4,15.6,16.0,5,1.8,1920,1080,0,0,1,2.8,512.0,1,0,0,0,0,1,1983.0
1186,7,0,11.6,4.0,1,1.4,1366,768,1,0,1,1.1,32.0,0,0,1,1,0,0,615.0
174,4,3,15.6,16.0,5,1.93,1920,1080,0,0,1,2.6,512.0,1,0,0,1,0,0,1426.66
1195,7,0,13.3,8.0,5,1.48,1920,1080,1,0,1,2.4,256.0,1,0,0,1,0,0,1629.0
576,0,3,15.6,4.0,5,2.4,1366,768,0,0,1,2.0,500.0,0,1,0,1,0,0,410.8
57,7,3,15.6,4.0,5,1.86,1920,1080,0,0,1,1.6,256.0,1,0,0,1,0,0,398.99
569,16,3,13.3,8.0,5,1.5,1366,768,0,0,1,2.3,256.0,1,0,0,1,0,0,1210.0
10,2,1,17.3,16.0,5,2.73,1920,1080,0,0,1,2.6,1536.0,1,1,0,0,0,1,1799.0
1038,4,3,17.3,8.0,2,2.8,1920,1080,0,0,1,1.8,1152.0,1,1,0,0,1,0,1099.0
699,10,3,14.0,4.0,5,2.1,1366,768,0,0,1,1.1,500.0,0,1,0,1,0,0,299.0
458,7,3,14.0,4.0,5,1.48,1366,768,0,0,1,2.4,256.0,1,0,0,1,0,0,1099.99
244,11,1,17.3,8.0,5,2.7,1920,1080,0,0,1,2.8,1280.0,1,1,0,0,0,1,1199.0
738,7,2,11.6,2.0,5,1.17,1366,768,0,0,1,1.6,32.0,0,0,1,1,0,0,209.0
37,4,3,15.6,6.0,5,2.3,1366,768,0,0,1,2.4,1024.0,0,1,0,1,0,0,459.0
732,7,3,15.6,6.0,5,2.04,1366,768,0,0,1,2.7,1024.0,0,1,0,1,0,0,579.0
1173,10,3,14.0,8.0,5,1.75,1920,1080,0,1,1,1.6,256.0,1,0,0,0,1,0,1116.02
113,7,3,17.3,8.0,5,2.63,1920,1080,0,0,1,2.7,256.0,1,0,0,0,0,1,1200.0
1146,4,3,15.6,8.0,5,2.02,1920,1080,0,0,1,1.8,2304.0,1,1,0,0,1,0,1142.4
1100,0,3,15.6,8.0,5,2.4,1920,1080,0,0,1,2.5,1280.0,1,1,0,0,0,1,799.0
407,10,3,14.0,8.0,4,1.5,1920,1080,0,1,1,2.7,512.0,1,0,0,0,1,0,799.0
1256,7,3,15.6,8.0,5,1.91,1920,1080,0,1,1,2.7,1024.0,0,1,0,0,0,1,979.0
269,4,3,15.6,4.0,7,2.24,1366,768,0,0,1,2.3,500.0,0,1,0,1,0,0,737.0
404,0,3,15.6,4.0,2,2.4,1366,768,0,0,1,1.6,500.0,0,1,0,1,0,0,289.0
897,10,3,14.0,8.0,5,1.75,1920,1080,0,1,1,1.6,256.0,1,0,0,1,0,0,1049.0
436,7,5,15.6,8.0,5,2.31,1920,1080,0,1,1,2.9,512.0,1,0,0,1,0,0,1534.0
717,2,4,15.6,8.0,5,1.7,1920,1080,0,0,1,2.5,256.0,1,0,0,0,0,1,977.0
595,4,3,15.6,4.0,2,2.2,1366,768,0,0,1,1.6,500.0,0,1,0,1,0,0,324.0
276,2,4,13.3,8.0,5,1.45,1920,1080,0,0,1,2.5,256.0,1,0,0,1,0,0,1280.0
812,6,4,12.3,16.0,1,1.1,2400,1600,1,0,1,1.3,512.0,1,0,0,1,0,0,2199.0
497,4,3,15.6,4.0,2,2.2,1366,768,0,0,1,1.6,500.0,0,1,0,1,0,0,274.9
85,4,3,17.3,8.0,2,2.8,1920,1080,0,1,1,1.6,1152.0,1,1,0,0,1,0,889.0
557,7,3,17.3,8.0,5,2.5,1920,1080,0,0,1,1.6,1152.0,1,1,0,0,0,1,977.0
757,10,3,15.6,8.0,5,2.3,1920,1080,0,1,1,2.5,256.0,1,0,0,0,0,1,1011.99
564,4,3,15.6,8.0,5,2.36,1920,1080,0,0,1,2.5,256.0,1,0,0,0,1,0,889.0
895,0,3,15.6,4.0,5,2.23,1920,1080,0,0,1,2.5,1024.0,0,1,0,0,0,1,616.0
365,7,4,12.5,4.0,5,1.26,1366,768,0,0,1,2.5,256.0,1,0,0,1,0,0,1559.0
769,10,3,14.0,8.0,7,1.7,1920,1080,0,0,1,2.3,180.0,1,0,0,1,0,0,1199.0
324,0,0,13.3,8.0,5,1.5,1920,1080,1,1,1,1.6,256.0,1,0,0,1,0,0,847.0
844,15,4,13.3,8.0,5,0.81,1920,1080,0,0,1,2.5,256.0,1,0,0,1,0,0,1499.0
924,4,3,15.6,8.0,5,2.2,1920,1080,0,0,1,1.8,256.0,1,0,0,0,1,0,919.0
221,11,1,17.3,16.0,5,2.9,1920,1080,0,0,1,2.8,1280.0,1,1,0,0,0,1,2029.0
348,4,4,13.3,8.0,5,1.21,3840,2160,1,1,1,1.8,256.0,1,0,0,1,0,0,1949.0
229,0,3,15.6,6.0,5,2.1,1366,768,0,0,0,3.0,1024.0,0,1,0,0,1,0,409.0
168,4,3,15.6,8.0,5,2.18,1920,1080,0,0,1,2.5,256.0,1,0,0,1,0,0,795.0
74,1,4,15.4,16.0,8,1.83,2880,1800,0,1,1,2.7,512.0,1,0,0,0,1,0,2537.45
405,10,1,15.6,16.0,5,2.4,1920,1080,0,0,1,2.8,512.0,1,0,0,0,0,1,1199.0
760,10,3,15.6,8.0,5,2.05,1920,1080,0,0,1,1.6,256.0,1,0,0,1,0,0,739.0
941,7,0,13.3,8.0,5,1.29,3840,2160,1,1,1,1.6,256.0,1,0,0,1,0,0,1499.0
868,4,1,15.6,16.0,5,3.49,1920,1080,0,0,1,2.9,1280.0,1,1,0,0,0,1,2813.75
65,10,3,15.6,4.0,5,2.4,1920,1080,0,0,1,2.5,1024.0,0,1,0,0,0,1,609.0
314,11,1,15.6,8.0,5,2.4,1920,1080,0,0,1,2.6,1152.0,1,1,0,0,0,1,1229.0
1034,10,3,14.0,4.0,5,1.7,1920,1080,0,0,1,2.5,256.0,1,0,0,1,0,0,699.0
1114,4,1,15.6,8.0,5,2.56,1920,1080,0,0,1,2.8,1152.0,1,1,0,0,0,1,1060.49
1175,10,3,15.6,8.0,5,1.99,1920,1080,0,1,1,2.7,512.0,1,0,0,1,0,0,1729.0
321,10,3,15.6,4.0,5,2.1,1366,768,0,0,1,2.3,128.0,1,0,0,1,0,0,493.0
467,7,3,14.0,4.0,5,1.54,1920,1080,0,0,1,2.3,500.0,0,1,0,1,0,0,1000.0
1022,4,4,13.3,16.0,5,1.21,3840,2160,1,1,1,1.8,1024.0,1,0,0,1,0,0,2499.0
629,10,3,15.6,6.0,5,2.2,1920,1080,0,0,1,2.5,256.0,1,0,0,1,0,0,579.0
433,10,1,15.6,8.0,5,2.5,1920,1080,0,1,1,2.8,1152.0,1,1,0,0,0,1,1048.0
1169,10,0,13.3,16.0,5,1.3,3200,1800,1,1,1,2.5,512.0,1,0,0,1,0,0,1499.0
741,4,4,13.3,8.0,5,1.29,3200,1800,1,0,1,2.7,256.0,1,0,0,1,0,0,1477.0
131,2,1,15.6,8.0,5,2.45,1920,1080,0,0,0,3.0,1024.0,0,1,0,0,1,0,699.0
1035,2,3,15.6,4.0,5,2.0,1920,1080,0,0,1,1.1,1024.0,0,1,0,1,0,0,344.0
1130,4,3,15.6,4.0,5,1.9,1366,768,0,0,1,2.5,500.0,0,1,0,1,0,0,825.0
787,2,1,17.3,8.0,5,2.7,1920,1080,0,1,1,2.8,1280.0,1,1,0,0,0,1,1599.0
1092,2,3,15.6,4.0,5,2.0,1366,768,0,0,0,1.8,500.0,0,1,0,0,1,0,349.0
1058,0,3,15.6,12.0,5,2.4,1920,1080,0,0,1,2.5,1152.0,1,1,0,0,0,1,1009.0
1132,7,3,15.6,6.0,5,2.19,1366,768,0,0,1,2.5,1024.0,0,1,0,0,1,0,764.0
335,2,1,15.6,16.0,5,2.34,1920,1080,0,1,1,2.6,1280.0,1,1,0,0,0,1,2325.0
847,10,3,17.3,4.0,5,2.79,1600,900,0,0,1,2.5,1024.0,0,1,0,0,0,1,589.0
999,10,4,14.0,8.0,5,1.13,2560,1440,0,1,1,2.7,512.0,1,0,0,1,0,0,2282.0
1275,0,3,13.3,4.0,5,1.6,1366,768,0,0,1,2.3,128.0,1,0,0,1,0,0,655.0
1079,13,4,13.5,4.0,6,1.252,2256,1504,1,0,1,2.2,128.0,1,0,0,1,0,0,989.0
3,7,0,13.3,4.0,5,1.28,1920,1080,1,0,1,2.5,256.0,1,0,0,1,0,0,1700.0
107,10,3,15.6,4.0,5,2.2,1366,768,0,0,1,1.1,1024.0,0,1,0,1,0,0,309.0
119,10,3,15.6,8.0,5,2.29,1366,768,0,0,1,2.3,1024.0,0,1,0,1,0,0,459.0
393,7,1,15.6,8.0,5,2.62,1920,1080,0,1,1,2.8,1024.0,0,1,0,0,0,1,899.0
1120,10,3,15.6,8.0,5,2.6,1920,1080,0,1,1,2.6,1024.0,0,1,0,0,0,1,899.0
58,4,4,13.3,8.0,5,1.23,1920,1080,0,0,1,1.6,256.0,1,0,0,1,0,0,1399.0
594,1,4,13.3,8.0,8,1.37,2560,1600,0,1,1,2.9,512.0,1,0,0,1,0,0,1958.9
864,4,3,15.6,8.0,5,2.18,1920,1080,0,0,1,2.5,1024.0,0,1,0,1,0,0,836.0
11,10,3,14.0,2.0,5,1.42,1366,768,0,0,1,1.6,32.0,0,0,1,1,0,0,249.0
274,7,3,14.0,4.0,5,1.64,1366,768,0,0,1,2.5,500.0,0,1,0,1,0,0,779.0
442,4,4,13.3,8.0,5,1.29,1920,1080,0,0,1,2.7,256.0,1,0,0,1,0,0,1458.0
686,4,3,15.6,4.0,5,2.3,1366,768,0,0,1,2.0,128.0,1,0,0,0,1,0,499.0
1243,4,4,13.3,8.0,5,1.29,1920,1080,0,0,1,2.5,256.0,1,0,0,1,0,0,1499.0
406,4,3,15.6,4.0,5,2.18,1366,768,0,0,1,2.4,1024.0,0,1,0,1,0,0,586.6
30,7,3,15.6,4.0,4,1.86,1366,768,0,0,1,1.6,500.0,0,1,0,1,0,0,259.0
1039,0,1,17.3,16.0,5,4.2,1920,1080,0,1,1,2.6,1152.0,1,1,0,0,0,1,1935.0
1144,2,1,17.3,32.0,5,3.8,1920,1080,0,1,1,2.7,512.0,1,0,0,0,0,1,2799.0
429,18,4,13.3,8.0,5,1.28,1920,1080,0,1,1,2.3,256.0,1,0,0,0,0,1,935.0
320,11,1,18.4,32.0,5,4.4,1920,1080,0,0,1,2.9,1536.0,1,1,0,0,0,1,2799.0
664,0,3,15.6,2.0,1,2.19,1366,768,0,0,1,1.5,16.0,1,0,0,1,0,0,199.0
1008,10,3,15.6,4.0,5,2.2,1920,1080,0,0,0,2.5,128.0,1,0,0,0,1,0,399.0
698,7,3,15.6,4.0,4,2.1,1366,768,0,0,1,2.3,500.0,0,1,0,1,0,0,476.99
340,4,1,15.6,8.0,5,2.56,1920,1080,0,0,1,2.5,256.0,1,0,0,0,0,1,879.0
1244,7,3,13.3,4.0,5,1.49,1920,1080,0,1,1,1.6,500.0,0,1,0,1,0,0,675.0
916,16,4,14.0,16.0,5,1.47,1920,1080,0,1,1,2.6,512.0,1,0,0,0,0,1,1764.0
387,7,0,13.3,16.0,5,1.28,1920,1080,1,0,1,2.8,256.0,1,0,0,1,0,0,1975.0
101,4,3,15.6,6.0,5,2.3,1366,768,0,0,1,2.4,1024.0,0,1,0,1,0,0,459.0
177,10,1,15.6,8.0,5,2.5,1920,1080,0,1,1,2.8,1152.0,1,1,0,0,0,1,1249.0
680,0,3,15.6,8.0,5,2.2,1920,1080,0,0,1,2.7,256.0,1,0,0,0,0,1,832.0
414,4,4,13.3,8.0,5,1.21,3840,2160,1,1,1,1.6,128.0,1,0,0,1,0,0,1599.0
1019,0,1,15.6,8.0,5,2.7,1920,1080,0,1,1,2.8,1152.0,1,1,0,0,0,1,1260.0
390,10,3,15.6,8.0,4,2.2,1366,768,0,0,1,2.5,2048.0,0,1,0,0,0,1,549.0
959,11,1,17.3,16.0,5,2.43,1920,1080,0,0,1,2.8,2304.0,1,1,0,0,0,1,2449.0
447,15,4,15.0,8.0,5,1.17,1920,1080,0,0,1,2.7,256.0,1,0,0,1,0,0,1699.0
1090,10,3,15.6,4.0,5,2.3,1366,768,0,0,1,2.0,128.0,1,0,0,1,0,0,565.0
216,10,3,15.6,8.0,5,1.9,1920,1080,0,0,1,2.5,1152.0,1,1,0,0,1,0,817.95
852,10,3,15.6,4.0,4,2.2,1920,1080,0,0,1,2.5,128.0,1,0,0,1,0,0,468.0
1141,4,1,15.6,8.0,5,2.62,1920,1080,0,0,1,2.8,1024.0,0,1,0,0,0,1,1199.0
952,4,4,15.6,8.0,5,1.9,1920,1080,0,0,1,1.6,1024.0,0,1,0,0,1,0,663.0
1284,10,3,14.0,4.0,5,1.87,1920,1080,0,0,1,2.5,500.0,0,1,0,1,0,0,785.0
450,2,1,17.3,16.0,5,4.3,1920,1080,0,0,1,2.8,1280.0,1,1,0,0,0,1,1799.0
691,7,3,14.0,8.0,5,1.64,1920,1080,0,0,1,2.5,256.0,1,0,0,0,0,1,1049.26
830,7,3,17.3,6.0,5,2.71,1920,1080,0,1,1,2.5,2048.0,0,1,0,0,1,0,699.0
832,16,3,13.3,8.0,5,1.5,1920,1080,0,1,1,2.5,256.0,1,0,0,1,0,0,973.0
683,7,3,15.6,8.0,5,2.31,1920,1080,0,0,1,2.3,256.0,1,0,0,1,0,0,1165.0
1183,2,3,15.6,4.0,5,2.0,1366,768,0,0,1,1.1,1024.0,0,1,0,1,0,0,339.0
103,7,3,14.0,8.0,7,1.95,1920,1080,0,0,1,2.3,256.0,1,0,0,1,0,0,1195.0
123,0,4,13.3,8.0,5,1.12,1920,1080,0,1,1,1.2,256.0,1,0,0,1,0,0,989.0
670,4,1,15.6,8.0,5,2.65,1920,1080,0,0,1,2.5,0.0,0,0,0,0,0,1,949.0
56,12,3,13.3,4.0,5,1.2,1920,1080,0,1,1,1.1,32.0,1,0,0,1,0,0,369.0
1119,16,3,14.0,4.0,5,1.75,1366,768,0,0,1,2.3,500.0,0,1,0,1,0,0,915.0
749,2,1,15.6,8.0,5,1.99,1920,1080,0,0,1,2.8,1152.0,1,1,0,0,0,1,1350.0
604,7,3,15.6,4.0,5,1.91,1920,1080,0,0,0,3.0,256.0,1,0,0,0,1,0,488.99
242,4,3,15.6,8.0,5,2.2,1920,1080,0,0,1,1.6,1152.0,1,1,0,0,1,0,719.0
284,10,4,15.6,6.0,5,1.54,1920,1080,0,0,1,2.7,256.0,1,0,0,0,0,1,831.0
988,7,4,12.5,4.0,5,1.26,1366,768,0,0,1,2.3,256.0,1,0,0,1,0,0,1244.0
275,4,4,13.3,8.0,5,1.23,1920,1080,0,0,1,2.4,256.0,1,0,0,1,0,0,1379.0
1012,10,3,15.6,8.0,5,1.95,1920,1080,0,1,1,2.5,512.0,1,0,0,1,0,0,1962.99
774,4,3,15.6,8.0,5,2.02,1920,1080,0,0,1,1.6,2048.0,0,1,0,0,1,0,759.0
588,4,4,13.3,8.0,5,1.21,1920,1080,0,1,1,1.8,256.0,1,0,0,1,0,0,1649.0
1289,2,1,17.3,16.0,5,3.0,1920,1080,0,0,1,2.8,1280.0,1,1,0,0,0,1,1504.0
790,16,3,15.6,16.0,5,2.4,1920,1080,0,1,1,2.5,512.0,1,0,0,0,0,1,1403.0
13,0,3,15.6,4.0,5,2.4,1366,768,0,0,1,1.1,500.0,0,1,0,1,0,0,380.0
840,10,0,15.6,16.0,5,2.0,3840,2160,1,1,1,2.8,512.0,1,0,0,0,0,1,1899.0
995,4,3,15.6,8.0,5,2.36,1366,768,1,0,1,2.5,2048.0,0,1,0,1,0,0,557.37
647,3,3,15.6,4.0,5,1.89,1920,1080,0,0,1,1.44,64.0,0,0,1,1,0,0,248.9
400,4,0,17.3,12.0,5,2.77,1920,1080,1,0,1,1.6,1024.0,0,1,0,0,0,1,999.0
98,10,3,13.3,8.0,5,1.1,1920,1080,0,1,1,2.5,256.0,1,0,0,1,0,0,999.0
1292,11,1,17.3,16.0,5,2.7,1920,1080,0,0,1,2.8,1280.0,1,1,0,0,0,1,1598.0
202,7,5,17.3,16.0,7,3.0,1920,1080,0,1,1,2.9,256.0,1,0,0,0,0,1,4389.0
198,14,4,12.5,8.0,5,1.25,3840,2160,1,0,1,2.5,256.0,1,0,0,1,0,0,1029.0
1025,7,1,17.3,12.0,5,2.62,1920,1080,0,0,1,2.8,1024.0,0,1,0,0,0,1,1799.0
1232,4,3,14.0,8.0,5,1.64,1920,1080,0,0,1,2.8,256.0,1,0,0,0,0,1,1179.0
368,1,4,11.6,4.0,3,1.08,1366,768,0,0,1,1.6,256.0,0,0,1,1,0,0,959.0
1107,10,0,13.3,16.0,5,1.3,3200,1800,1,1,1,2.2,1024.0,1,0,0,1,0,0,1799.0
1153,0,3,17.3,4.0,5,3.0,1920,1080,0,1,1,2.7,256.0,1,0,0,0,0,1,702.0
859,3,3,15.6,4.0,5,1.89,1920,1080,0,0,1,1.44,64.0,0,0,1,1,0,0,244.99
190,4,4,12.5,4.0,7,1.5,1366,768,0,0,1,2.3,500.0,0,1,0,1,0,0,1135.15
773,7,3,15.6,8.0,5,1.91,1366,768,0,0,1,2.5,256.0,1,0,0,1,0,0,579.0
876,2,4,13.3,8.0,5,1.2,3200,1800,0,1,1,2.5,256.0,1,0,0,1,0,0,1129.0
118,4,1,15.6,16.0,5,2.62,3840,2160,0,0,1,2.8,512.0,1,0,0,0,0,1,1679.0
246,4,3,15.6,8.0,5,2.24,1920,1080,0,0,1,2.5,1024.0,0,1,0,0,1,0,565.0
1069,7,3,15.6,4.0,7,1.88,1366,768,0,0,1,2.3,500.0,0,1,0,1,0,0,932.0
1219,4,1,17.3,32.0,5,4.42,3840,2160,0,1,1,2.8,1536.0,1,1,0,0,0,1,3147.37
1030,7,0,11.6,4.0,5,1.45,1366,768,1,0,1,1.1,256.0,1,0,0,1,0,0,775.0
589,4,0,13.3,8.0,5,1.24,3200,1800,1,0,1,1.3,512.0,1,0,0,1,0,0,2013.1
1106,10,3,15.6,6.0,5,2.2,1920,1080,0,0,0,3.6,256.0,1,0,0,0,1,0,549.0
1283,10,0,15.6,8.0,5,2.0,1920,1080,1,1,1,2.8,256.0,1,0,0,1,0,0,1299.0
1269,14,4,12.5,16.0,5,1.29,3840,2160,1,1,1,2.5,512.0,1,0,0,1,0,0,1799.0
1223,10,0,13.9,16.0,5,1.4,3840,2160,1,1,1,1.8,512.0,1,0,0,1,0,0,1849.0
161,7,3,17.3,4.0,5,2.71,1920,1080,0,0,0,2.5,500.0,0,1,0,0,1,0,439.0
124,2,3,14.0,4.0,5,2.0,1920,1080,0,0,1,2.4,256.0,1,0,0,1,0,0,769.0
1198,7,3,15.6,6.0,5,2.18,1920,1080,0,1,1,2.6,1024.0,0,1,0,0,0,1,799.0
204,7,3,13.3,8.0,5,1.49,1920,1080,0,0,1,1.8,512.0,1,0,0,1,0,0,1103.0
18,4,4,13.3,8.0,5,1.23,3200,1800,1,0,1,2.4,256.0,1,0,0,1,0,0,1379.0
84,0,3,15.6,8.0,5,2.2,1920,1080,0,0,1,1.8,1024.0,0,1,0,0,0,1,689.0
874,4,5,15.6,8.0,5,2.0,1920,1080,0,1,1,2.7,256.0,1,0,0,0,0,1,2135.0
222,4,4,13.3,8.0,5,1.41,1920,1080,0,0,1,1.6,256.0,1,0,0,1,0,0,949.0
1158,10,3,17.3,6.0,5,2.8,1600,900,0,0,1,2.7,1152.0,1,1,0,0,0,1,949.0
1145,7,5,17.3,8.0,7,3.0,1920,1080,0,1,1,2.6,1024.0,0,1,0,0,1,0,2899.0
1272,4,3,15.6,6.0,5,2.3,1366,768,1,0,1,2.4,1024.0,0,1,0,1,0,0,439.0
1207,2,3,14.0,4.0,5,1.5,1366,768,0,0,1,1.1,32.0,0,0,1,1,0,0,286.0
430,12,3,14.0,4.0,5,1.4,1920,1200,0,1,1,1.92,32.0,0,1,0,1,0,0,265.0
1291,1,4,12.0,8.0,3,0.92,2304,1440,0,1,1,1.2,512.0,0,0,1,1,0,0,1279.0
491,10,4,14.0,12.0,5,1.4,1920,1080,0,1,1,2.6,256.0,1,0,0,1,0,0,1673.0
623,7,3,15.6,8.0,5,2.04,1366,768,0,0,0,2.5,2048.0,0,1,0,0,1,0,629.0
147,4,3,15.6,4.0,5,2.2,1920,1080,0,0,1,1.6,256.0,1,0,0,0,1,0,749.0
33,10,3,13.3,4.0,5,1.44,1920,1080,0,1,1,2.4,180.0,1,0,0,1,0,0,735.0
943,16,3,13.3,4.0,7,1.2,1920,1080,0,0,1,2.3,128.0,1,0,0,1,0,0,1195.0
1253,10,0,13.3,8.0,5,1.37,1920,1080,1,1,1,2.7,512.0,1,0,0,1,0,0,1970.0
1097,4,4,14.0,8.0,5,1.36,1920,1080,0,0,1,2.5,256.0,1,0,0,1,0,0,1639.0
866,4,0,13.3,16.0,5,1.62,1920,1080,1,0,1,1.8,512.0,1,0,0,1,0,0,1279.0
558,7,3,15.6,16.0,5,2.1,1920,1080,0,0,1,1.8,512.0,1,0,0,1,0,0,1159.0
1085,10,0,10.1,4.0,0,0.69,1920,1200,1,1,1,1.44,64.0,0,0,1,1,0,0,319.0
1041,7,3,14.0,2.0,5,1.44,1366,768,0,0,1,1.6,32.0,0,0,1,1,0,0,249.0
1277,2,3,15.6,8.0,5,2.5,1920,1080,0,0,1,2.5,1152.0,1,1,0,0,0,1,839.0
1082,10,1,17.3,32.0,5,4.6,1920,1080,0,1,1,2.7,1280.0,1,1,0,0,0,1,2663.0
73,14,1,17.3,32.0,5,3.49,3840,2160,1,0,1,2.9,512.0,1,0,0,0,0,1,5499.0
199,2,1,17.3,16.0,4,4.0,1920,1080,0,1,1,2.6,1024.0,0,1,0,0,0,1,998.0
1159,11,1,17.3,8.0,5,2.6,1920,1080,0,0,1,2.6,256.0,1,0,0,0,0,1,1599.0
1208,7,3,15.6,4.0,4,1.86,1366,768,0,0,1,1.6,1024.0,0,1,0,1,0,0,288.9
579,0,3,15.6,4.0,5,2.2,1920,1080,0,0,1,2.7,500.0,0,1,0,0,0,1,639.0
302,7,4,13.3,8.0,5,1.34,1920,1080,0,1,1,2.7,512.0,1,0,0,1,0,0,1323.0
818,7,3,17.3,8.0,5,2.63,1920,1080,0,0,1,2.5,256.0,1,0,0,0,0,1,1080.0
1006,0,3,15.6,4.0,2,2.4,1366,768,0,0,1,1.6,500.0,0,1,0,1,0,0,289.0
448,4,1,15.6,8.0,5,2.62,1920,1080,0,0,1,2.8,1024.0,0,1,0,0,0,1,1099.0
919,11,1,15.6,16.0,5,2.2,1920,1080,0,0,1,2.8,1280.0,1,1,0,0,0,1,1299.0
35,4,3,15.6,4.0,5,2.3,1920,1080,0,0,1,2.5,256.0,1,0,0,0,1,0,639.0
1045,4,3,15.6,8.0,5,2.18,1920,1080,0,0,1,2.5,256.0,1,0,0,1,0,0,750.0
596,4,3,15.6,4.0,2,2.18,1366,768,0,0,1,2.0,1024.0,0,1,0,0,1,0,455.7
1218,10,0,14.0,8.0,5,1.36,2560,1440,1,1,1,2.3,256.0,1,0,0,1,0,0,1637.0
214,4,3,15.6,4.0,5,1.93,1366,768,0,0,1,2.6,500.0,0,1,0,1,0,0,959.0
469,7,3,17.3,8.0,5,2.5,1920,1080,0,0,1,1.8,256.0,1,0,0,0,0,1,1045.0
933,4,3,15.6,4.0,5,2.18,1920,1080,0,0,1,2.5,1152.0,1,1,0,0,0,1,912.5
1249,12,3,14.0,4.0,5,1.4,1920,1080,0,0,1,1.44,32.0,1,0,0,1,0,0,249.0
803,4,3,15.6,8.0,5,2.2,1920,1080,0,0,1,2.7,256.0,1,0,0,0,1,0,745.0
372,0,3,15.6,4.0,2,2.4,1366,768,0,0,1,1.6,500.0,0,1,0,1,0,0,289.0
1287,2,3,15.6,8.0,5,2.0,3840,2160,0,1,1,2.7,1280.0,1,1,0,0,0,1,1299.0
506,16,4,13.3,8.0,5,1.2,1920,1080,0,0,1,2.5,256.0,1,0,0,1,0,0,1363.0
775,2,1,17.3,12.0,5,2.2,1920,1080,0,0,1,2.5,1152.0,1,1,0,0,0,1,1369.9
281,7,3,14.0,4.0,5,1.48,1920,1080,0,0,1,2.5,256.0,1,0,0,1,0,0,1590.0
234,4,1,15.6,16.0,5,2.62,1920,1080,0,0,1,2.8,1280.0,1,1,0,0,0,1,1479.0
782,4,3,15.6,4.0,5,2.2,1366,768,0,0,1,1.6,500.0,0,1,0,1,0,0,443.99
307,0,3,14.0,8.0,5,1.56,1920,1080,0,1,1,2.5,256.0,1,0,0,1,0,0,902.0
106,16,3,15.6,8.0,5,2.0,1920,1080,0,1,1,2.5,256.0,1,0,0,1,0,0,1258.0
504,7,3,15.6,8.0,5,1.86,1920,1080,0,0,1,2.0,256.0,1,0,0,1,0,0,539.0
1172,7,3,14.0,4.0,5,2.31,1366,768,0,0,1,2.5,500.0,0,1,0,1,0,0,1189.0
1276,2,3,15.6,4.0,2,2.0,1366,768,0,0,1,1.1,1024.0,0,1,0,1,0,0,274.99
228,2,3,15.6,4.0,5,2.2,1366,768,0,0,1,2.5,500.0,0,1,0,0,0,1,720.32
424,7,3,15.6,4.0,5,2.04,1920,1080,0,0,1,2.5,256.0,1,0,0,1,0,0,839.0
740,7,3,15.6,4.0,5,2.04,1366,768,0,0,1,2.5,256.0,1,0,0,1,0,0,979.0
415,7,3,15.6,4.0,5,2.1,1920,1080,0,0,1,2.4,128.0,1,0,0,1,0,0,705.5
116,2,3,17.3,4.0,5,2.8,1600,900,0,0,1,1.6,1024.0,0,1,0,0,0,1,530.0
1009,4,3,13.3,8.0,5,1.62,1920,1080,1,0,1,2.3,1024.0,0,1,0,1,0,0,649.0
79,4,1,15.6,16.0,5,2.72,3840,2160,1,1,1,2.6,1152.0,1,1,0,0,0,1,1099.0
1234,7,3,15.6,4.0,5,1.91,1920,1080,0,0,0,2.5,256.0,1,0,0,0,1,0,478.89
272,10,4,14.0,8.0,5,1.13,1920,1080,0,1,1,2.5,256.0,0,0,1,1,0,0,1875.0
247,2,1,15.6,16.0,5,2.59,1920,1080,0,1,1,2.6,1152.0,1,1,0,0,0,1,1339.0
1178,4,1,17.3,16.0,5,4.42,1920,1080,0,1,1,2.8,1152.0,1,1,0,0,0,1,3012.77
409,4,0,13.3,8.0,5,1.6,1920,1080,1,1,1,2.5,256.0,1,0,0,1,0,0,1199.0
46,10,1,17.3,32.0,5,4.6,1920,1080,0,1,1,2.7,512.0,1,0,0,0,0,1,3240.0
52,10,3,15.6,8.0,5,2.2,1366,768,0,0,0,3.6,1024.0,0,1,0,0,1,0,429.0
855,10,3,13.3,8.0,5,1.44,1920,1080,0,0,1,2.5,256.0,1,0,0,1,0,0,949.0
1273,10,0,14.0,4.0,5,1.8,1920,1080,1,0,1,2.3,128.0,1,0,0,1,0,0,833.01
1095,2,3,15.6,4.0,5,1.68,1366,768,0,0,0,3.0,1024.0,0,1,0,0,1,0,469.0
254,4,3,14.0,4.0,5,1.6,1366,768,0,0,1,2.5,500.0,0,1,0,1,0,0,875.0
431,10,3,15.6,4.0,4,1.85,1920,1080,0,0,1,2.0,128.0,1,0,0,1,0,0,403.5
19,0,4,14.0,8.0,5,1.8,1920,1080,0,1,1,2.5,256.0,1,0,0,1,0,0,919.0
213,10,0,14.0,16.0,5,1.38,1920,1080,1,0,1,2.7,512.0,1,0,0,1,0,0,1749.0
339,10,3,14.0,8.0,5,1.65,1920,1080,0,0,1,2.5,256.0,1,0,0,1,0,0,1345.0
223,7,3,14.0,8.0,5,1.94,1366,768,0,0,1,1.6,2048.0,0,1,0,1,0,0,389.0
456,1,4,12.0,8.0,3,0.92,2304,1440,0,1,1,1.1,256.0,0,0,1,1,0,0,1300.0
986,4,3,15.6,12.0,5,2.3,1366,768,0,0,1,2.7,1024.0,0,1,0,1,0,0,713.07
253,10,3,15.6,4.0,4,2.1,1366,768,0,0,1,2.3,500.0,0,1,0,1,0,0,398.0
4,7,3,15.6,6.0,5,2.04,1920,1080,0,0,0,2.9,0.0,0,0,0,0,1,0,549.99
1134,10,3,15.6,4.0,5,2.2,1920,1080,0,0,0,2.9,256.0,1,0,0,0,1,0,399.0
1137,10,3,15.6,12.0,5,2.2,1366,768,1,0,1,1.8,1024.0,0,1,0,1,0,0,609.0
137,18,4,13.3,8.0,4,1.3,1920,1080,0,1,1,2.5,256.0,1,0,0,0,0,1,999.9
1187,7,3,15.6,4.0,7,2.31,1920,1080,0,0,1,2.3,500.0,0,1,0,1,0,0,940.0
12,4,3,14.0,8.0,5,1.79,1366,768,0,0,1,2.3,128.0,1,0,0,1,0,0,740.0
478,10,3,15.6,4.0,4,2.2,1366,768,0,0,0,2.9,500.0,0,1,0,0,1,0,309.0
207,10,3,15.6,4.0,5,2.2,1366,768,0,0,0,2.2,500.0,0,1,0,0,1,0,299.0
793,10,3,14.0,4.0,5,2.02,1366,768,0,0,1,2.5,500.0,0,1,0,1,0,0,990.0
1133,4,1,15.6,16.0,5,2.65,3840,2160,0,1,1,2.8,1536.0,1,1,0,0,0,1,1845.0
266,18,3,15.6,8.0,4,1.95,1920,1080,0,1,1,1.6,256.0,1,0,0,0,0,1,1199.0
1052,10,5,15.6,16.0,5,2.5,3840,2160,0,1,1,2.8,1024.0,1,0,0,0,0,1,3299.0
241,7,3,15.6,6.0,5,2.19,1366,768,0,0,1,2.5,1024.0,0,1,0,0,1,0,764.0
89,0,0,11.6,4.0,1,1.25,1366,768,1,1,1,1.6,32.0,0,0,1,1,0,0,389.0
716,16,3,13.3,4.0,5,1.2,1920,1080,0,0,1,2.3,128.0,1,0,0,1,0,0,1195.0
517,0,3,15.6,8.0,5,2.4,1366,768,0,0,0,2.2,1024.0,0,1,0,0,1,0,449.0
891,4,4,14.0,8.0,5,1.36,1920,1080,0,0,1,2.8,256.0,1,0,0,1,0,0,1775.0
1179,4,3,15.6,8.0,2,2.3,1366,768,0,0,1,2.7,1024.0,0,1,0,0,1,0,805.99
