id,clip_count
45001,66.799995
45002,41.688847
45003,47.213387
45004,38.947235
45005,17.873474
45006,62.26638
45007,65.40168
45008,69.64863
45009,65.21537
45010,9.971953
45011,5.4000654
45012,33.174255
45013,62.481266
45014,15.333522
45015,1.5907564
45016,3.7834532
45017,53.553177
45018,11.674478
45019,58.304497
45020,54.983376
45021,48.95722
45022,44.768456
45023,53.992836
45024,60.475212
45025,56.755737
45026,8.420335
45027,38.69185
45028,54.441605
45029,73.6576
45030,31.824451
45031,69.660194
45032,77.36231
45033,1.8407323
45034,4.702118
45035,1.6753651
45036,28.999233
45037,1.8074358
45038,10.041993
45039,29.0849
45040,24.738281
45041,47.582806
45042,62.998222
45043,48.698586
45044,56.394493
45045,68.19191
45046,62.52467
45047,68.35335
45048,31.556839
45049,49.240677
45050,66.22451
45051,71.53484
45052,9.666098
45053,61.93155
45054,43.5433
45055,47.723152
45056,41.02209
45057,76.44886
45058,65.890144
45059,42.22802
45060,21.73077
45061,43.519733
45062,69.40546
45063,10.029771
45064,50.494003
45065,29.08274
45066,2.416923
45067,17.926489
45068,21.633472
45069,38.633453
45070,58.51605
45071,16.456337
45072,38.250088
45073,36.330894
45074,64.91944
45075,68.69611
45076,2.8937263
45077,22.943218
45078,69.369026
45079,9.961345
45080,40.394775
45081,72.53048
45082,15.809638
45083,9.012643
45084,37.367844
45085,3.0768855
45086,10.874758
45087,50.944855
45088,2.6887994
45089,18.873999
45090,2.5676455
45091,16.444939
45092,60.76201
45093,21.250923
45094,39.145775
45095,19.550869
45096,62.990494
45097,22.76992
45098,37.119823
45099,63.703094
45100,41.31431
45101,1.588311
45102,63.999706
45103,4.2828274
45104,67.64322
45105,39.0906
45106,53.088715
45107,39.03652
45108,27.406162
45109,22.901533
45110,59.84988
45111,28.921417
45112,35.500687
45113,18.723827
45114,69.565605
45115,22.15915
45116,59.37684
45117,67.82201
45118,33.48205
45119,40.63161
45120,3.832414
45121,25.598957
45122,15.610253
45123,65.18433
45124,54.78203
45125,16.169065
45126,14.949808
45127,74.52596
45128,12.489112
45129,8.918662
45130,15.426561
45131,9.150266
45132,19.621407
45133,65.90402
45134,72.2947
45135,12.625186
45136,1.6257699
45137,2.7394545
45138,7.482991
45139,1.812468
45140,41.378113
45141,64.869514
45142,63.269623
45143,9.733771
45144,73.12506
45145,69.47764
45146,71.45405
45147,34.671516
45148,61.567905
45149,58.362267
45150,19.375488
45151,60.448196
45152,31.94874
45153,37.994827
45154,16.162144
45155,38.733498
45156,39.376656
45157,61.834274
45158,26.228954
45159,42.12713
45160,43.83711
45161,72.64176
45162,39.993446
45163,51.803123
45164,67.10478
45165,1.691692
45166,32.281017
45167,72.5094
45168,43.613136
45169,77.61216
45170,59.949333
45171,43.978226
45172,5.3193254
45173,42.12448
45174,49.60591
45175,1.588311
45176,22.645199
45177,16.080587
45178,1.8849072
45179,35.57275
45180,5.5824795
45181,14.651385
45182,50.774353
45183,22.72395
45184,8.017361
45185,6.817792
45186,58.360493
45187,1.588311
45188,58.128304
45189,49.198624
45190,43.713364
45191,67.46955
45192,68.16233
45193,38.763268
45194,59.878395
45195,39.628876
45196,68.48252
45197,73.2976
45198,1.9478602
45199,56.396957
45200,58.735374
45201,29.161827
45202,7.483056
45203,4.892455
45204,40.518196
45205,48.1353
45206,3.5746129
45207,28.383907
45208,23.832762
45209,6.832883
45210,2.3191698
45211,63.41724
45212,22.962269
45213,65.5989
45214,71.34095
45215,19.391777
45216,25.291107
45217,62.57601
45218,51.0002
45219,33.39967
45220,74.981804
45221,1.588311
45222,20.416199
45223,28.58387
45224,14.971812
45225,69.089836
45226,71.79076
45227,19.73317
45228,67.570526
45229,1.7868842
45230,67.68396
45231,45.59296
45232,4.8037376
45233,26.626904
45234,10.6171255
45235,70.084145
45236,30.40401
45237,28.910475
45238,50.46605
45239,31.905571
45240,11.746465
45241,1.588311
45242,73.27071
45243,30.502005
45244,59.241272
45245,54.295002
45246,43.181732
45247,72.95962
45248,29.382498
45249,39.08626
45250,25.875874
45251,14.814675
45252,23.243988
45253,21.265263
45254,32.925926
45255,34.30692
45256,78.1232
45257,71.3832
45258,9.9056425
45259,16.803347
45260,70.759926
45261,30.406187
45262,18.478363
45263,4.6466494
45264,30.388586
45265,49.611057
45266,6.841341
45267,76.590416
45268,31.579525
45269,13.601887
45270,44.984295
45271,30.62675
45272,14.492124
45273,71.19261
45274,24.830359
45275,14.0339365
45276,67.78232
45277,78.30503
45278,67.000465
45279,27.355991
45280,50.22612
45281,2.4044466
45282,32.803406
45283,54.208607
45284,58.67486
45285,9.759536
45286,3.678523
45287,5.0352964
45288,29.836071
45289,21.807953
45290,42.881176
45291,57.542023
45292,7.43223
45293,45.597767
45294,1.588311
45295,5.6954536
45296,23.754866
45297,36.883564
45298,53.603313
45299,39.28347
45300,71.06878
45301,3.0868855
45302,8.098097
45303,33.13394
45304,8.373654
45305,54.402924
45306,61.03109
45307,2.3361
45308,76.692986
45309,34.457962
45310,13.342423
45311,4.213541
45312,21.561405
45313,70.53601
45314,38.32745
45315,63.159576
45316,14.098369
45317,40.424843
45318,69.44639
45319,66.87292
45320,38.50516
45321,59.12013
45322,11.672751
45323,64.34026
45324,55.933186
45325,30.700264
45326,55.575905
45327,46.477448
45328,72.18228
45329,75.39362
45330,42.700836
45331,54.507996
45332,52.87954
45333,34.45762
45334,49.285255
45335,34.488148
45336,28.518269
45337,12.910571
45338,60.07421
45339,7.820347
45340,29.774261
45341,38.153072
45342,3.452683
45343,36.770412
45344,16.736032
45345,1.6147763
45346,21.622051
45347,13.619565
45348,1.6835228
45349,74.3731
45350,10.564364
45351,18.347351
45352,71.80016
45353,12.40458
45354,15.662283
45355,60.150986
45356,49.178837
45357,33.83323
45358,46.174488
45359,26.13297
45360,30.445745
45361,20.663994
45362,56.69441
45363,63.598812
45364,74.122734
45365,51.487976
45366,14.131911
45367,74.63349
45368,34.55133
45369,27.799252
45370,11.696883
45371,42.822914
45372,31.936802
45373,51.49974
45374,34.33557
45375,2.9354155
45376,1.7766777
45377,21.72731
45378,60.63582
45379,35.226074
45380,43.529724
45381,2.591815
45382,78.41648
45383,31.703783
45384,29.32817
45385,8.772548
45386,29.124577
45387,43.708645
45388,44.091324
45389,2.5761526
45390,1.588311
45391,8.610054
45392,46.666866
45393,67.6404
45394,46.998863
45395,22.08688
45396,50.93154
45397,16.772972
45398,39.08558
45399,65.85828
45400,67.959564
45401,22.84534
45402,26.816273
45403,1.588311
45404,12.980807
45405,57.942993
45406,18.74369
45407,71.184746
45408,50.693348
45409,40.20449
45410,5.896021
45411,2.729804
45412,53.16517
45413,8.593419
45414,1.7258449
45415,62.6506
45416,54.041443
45417,14.872333
45418,66.64204
45419,54.382072
45420,33.641037
45421,75.13111
45422,35.037415
45423,63.190872
45424,74.939995
45425,2.1956868
45426,58.19993
45427,74.211296
45428,59.148773
45429,60.576313
45430,3.653208
45431,4.60159
45432,63.14858
45433,16.269854
45434,1.588311
45435,30.734774
45436,42.848038
45437,41.695522
45438,59.446922
45439,17.434717
45440,44.490814
45441,37.5625
45442,65.43545
45443,33.316883
45444,45.966057
45445,57.9046
45446,67.25832
45447,18.930904
45448,37.338196
45449,43.980717
45450,72.36756
45451,9.438545
45452,1.588311
45453,1.588311
45454,1.5993146
45455,28.868605
45456,42.295647
45457,48.24613
45458,34.813614
45459,62.003513
45460,5.801366
45461,18.369987
45462,8.664091
45463,17.548393
45464,53.76211
45465,49.570007
45466,7.574089
45467,30.105368
45468,20.632397
45469,6.382616
45470,46.951103
45471,31.550018
45472,76.65023
45473,64.92044
45474,2.859157
45475,12.974706
45476,47.901787
45477,33.378582
45478,61.507988
45479,9.262039
45480,51.530083
45481,2.3253376
45482,63.888645
45483,44.618423
45484,68.1067
45485,70.922386
45486,3.5226758
45487,54.515743
45488,19.381695
45489,8.235642
45490,63.873703
45491,58.97337
45492,1.6848352
45493,74.902016
45494,1.6459273
45495,58.55121
45496,4.7815704
45497,1.7054532
45498,51.215034
45499,1.891069
45500,46.557526
45501,16.420517
45502,49.701454
45503,42.488857
45504,23.461163
45505,66.97494
45506,48.05462
45507,36.86754
45508,13.9766
45509,49.085136
45510,58.22833
45511,20.53976
45512,41.905655
45513,3.02263
45514,45.857414
45515,35.981594
45516,57.710724
45517,74.82132
45518,51.45823
45519,23.160044
45520,31.103785
45521,73.43418
45522,11.263413
45523,5.580944
45524,40.9059
45525,24.8618
45526,9.319754
45527,52.84443
45528,58.298862
45529,27.898842
45530,24.944393
45531,54.794952
45532,67.694954
45533,26.255327
45534,59.448395
45535,43.21261
45536,43.45301
45537,51.559685
45538,7.4972725
45539,8.183696
45540,28.463589
45541,67.55445
45542,76.068886
45543,8.174175
45544,11.932082
45545,4.5591908
45546,45.012363
45547,31.261202
45548,15.554635
45549,4.969081
45550,29.744915
45551,7.436434
45552,71.083015
45553,8.075376
45554,36.095116
45555,23.307755
45556,21.60984
45557,22.214874
45558,9.564558
45559,17.765232
45560,52.209587
45561,62.347572
45562,29.729813
45563,16.859055
45564,69.87227
45565,45.564995
45566,1.588311
45567,47.410576
45568,31.23333
45569,59.86284
45570,4.1603203
45571,73.06974
45572,3.9718406
45573,68.45651
45574,10.069813
45575,45.757633
45576,32.958874
45577,39.453598
45578,73.35349
45579,38.11773
45580,66.48927
45581,45.136887
45582,23.73098
45583,18.318945
45584,25.73008
45585,35.635654
45586,56.44574
45587,65.31876
45588,1.760222
45589,30.584232
45590,71.13824
45591,69.72482
45592,63.18033
45593,30.215433
45594,33.22687
45595,43.631813
45596,17.953913
45597,57.460472
45598,62.41423
45599,66.86433
45600,25.071712
45601,25.827145
45602,46.03376
45603,22.546606
45604,43.890488
45605,53.542686
45606,67.18901
45607,46.546196
45608,3.070074
45609,24.551786
45610,4.9949713
45611,26.880203
45612,12.627929
45613,69.1326
45614,1.6479107
45615,29.074577
45616,15.213513
45617,12.6199875
45618,6.4941235
45619,42.97433
45620,22.073475
45621,27.743702
45622,58.82418
45623,67.58241
45624,64.01267
45625,55.04588
45626,10.146585
45627,31.357107
45628,5.141412
45629,50.60256
45630,42.328865
45631,5.083433
45632,1.588311
45633,12.232928
45634,29.725853
45635,54.50879
45636,39.573532
45637,63.58062
45638,35.51381
45639,28.65724
45640,31.698517
45641,50.770348
45642,26.283836
45643,32.24215
45644,1.7566644
45645,57.47881
45646,28.440458
45647,49.609783
45648,16.660748
45649,68.51055
45650,12.353871
45651,68.87255
45652,51.903774
45653,29.4607
45654,20.772053
45655,12.137562
45656,71.00423
45657,73.941025
45658,3.0987582
45659,27.0074
45660,44.61675
45661,64.79784
45662,38.73958
45663,28.898584
45664,10.92397
45665,37.6341
45666,28.8059
45667,75.550415
45668,26.411676
45669,3.3475294
45670,9.137666
45671,13.81639
45672,58.29361
45673,67.45704
45674,25.266073
45675,2.3935406
45676,52.060158
45677,25.233442
45678,68.352394
45679,46.55451
45680,41.269764
45681,15.909984
45682,58.511818
45683,64.986694
45684,27.408348
45685,80.15093
45686,22.648542
45687,28.447731
45688,19.403498
45689,50.887894
45690,67.71342
45691,56.92688
45692,55.70398
45693,27.69909
45694,52.622627
45695,1.588311
45696,51.826553
45697,41.36136
45698,27.707031
45699,61.584686
45700,4.696167
45701,32.39847
45702,23.43178
45703,8.515176
45704,70.2126
45705,45.29805
45706,35.762344
45707,69.51508
45708,8.983965
45709,46.09431
45710,63.091316
45711,42.995693
45712,10.148204
45713,50.534576
45714,39.008644
45715,62.038246
45716,31.615715
45717,67.62461
45718,6.4148874
45719,70.57765
45720,48.165283
45721,47.600758
45722,18.939476
45723,28.030628
45724,28.583214
45725,29.917465
45726,1.7709893
45727,50.264725
45728,60.842278
45729,56.10672
45730,51.13134
45731,43.141365
45732,50.707157
45733,57.305367
45734,46.06118
45735,1.588311
45736,53.692257
45737,31.912258
45738,32.212177
45739,67.19935
45740,33.625286
45741,69.75701
45742,48.43197
45743,53.261765
45744,35.50138
45745,14.522603
45746,11.4818125
45747,80.211266
45748,1.588311
45749,14.226265
45750,28.134594
45751,51.678825
45752,75.582985
45753,74.7635
45754,63.896057
45755,38.878643
45756,12.4001
45757,25.099672
45758,55.42356
45759,3.2017689
45760,20.724388
45761,1.7127101
45762,31.537403
45763,1.588311
45764,54.39506
45765,69.52617
45766,1.588311
45767,31.691957
45768,10.627759
45769,72.520905
45770,38.698204
45771,2.6643384
45772,71.720085
45773,4.324333
45774,49.26918
45775,2.9839983
45776,2.7370443
45777,62.58751
45778,56.312115
45779,68.9437
45780,7.5280695
45781,69.15559
45782,25.228909
45783,52.143883
45784,52.666336
45785,67.82345
45786,26.169197
45787,61.035183
45788,52.14966
45789,43.75849
45790,68.00509
45791,12.909564
45792,17.61597
45793,75.74815
45794,61.741325
45795,76.63686
45796,76.04453
45797,75.149574
45798,12.434403
45799,38.887444
45800,65.956406
45801,72.89066
45802,1.598258
45803,2.4539218
45804,67.507774
45805,41.15618
45806,74.38138
45807,2.8304389
45808,24.084183
45809,62.9265
45810,28.385134
45811,79.18919
45812,37.226456
45813,58.270508
45814,59.205795
45815,63.0169
45816,30.095066
45817,38.3124
45818,48.994305
45819,32.50264
45820,38.030815
45821,59.354233
45822,3.5678878
45823,53.675026
45824,37.14439
45825,4.491638
45826,24.896074
45827,12.321215
45828,35.06069
45829,71.61701
45830,67.86696
45831,74.25166
45832,5.4704075
45833,3.273875
45834,16.92179
45835,30.627659
45836,55.67755
45837,23.49501
45838,42.554016
45839,74.69746
45840,50.139603
45841,11.1992
45842,45.437016
45843,23.424768
45844,69.0833
45845,36.461586
45846,20.737686
45847,2.5971038
45848,62.57367
45849,73.217865
45850,53.783333
45851,66.14991
45852,60.94149
45853,44.373344
45854,3.7036693
45855,16.246357
45856,72.30332
45857,60.411667
45858,20.273113
45859,63.22204
45860,47.49138
45861,19.19664
45862,55.509945
45863,17.277475
45864,43.60647
45865,56.92061
45866,58.621574
45867,45.730217
45868,62.36699
45869,63.689438
45870,4.435499
45871,10.3194275
45872,9.3241825
45873,26.36364
45874,27.235916
45875,53.66172
45876,72.27143
45877,4.6327443
45878,15.46734
45879,12.617188
45880,74.70331
45881,35.669884
45882,12.362301
45883,49.477573
45884,65.25931
45885,59.884186
45886,38.2602
45887,64.888176
45888,27.530657
45889,54.969055
45890,68.81066
45891,1.7105278
45892,54.73861
45893,61.19841
45894,41.47738
45895,22.42116
45896,56.026466
45897,2.664184
45898,52.00987
45899,60.549347
45900,49.395947
45901,21.552254
45902,70.81695
45903,51.69671
45904,21.640251
45905,55.088493
45906,77.46757
45907,44.134495
45908,5.535412
45909,25.707544
45910,66.71462
45911,51.907436
45912,68.69665
45913,16.26983
45914,53.43259
45915,65.87765
45916,6.125537
45917,9.155054
45918,67.94602
45919,6.0609484
45920,59.894524
45921,47.658752
45922,28.629417
45923,13.141185
45924,38.421124
45925,73.25058
45926,22.09974
45927,50.585682
45928,71.72736
45929,64.96728
45930,2.6704812
45931,71.32805
45932,35.538445
45933,21.496471
45934,5.0957556
45935,72.38198
45936,61.514893
45937,67.319435
45938,35.040657
45939,40.776543
45940,64.014336
45941,64.141525
45942,50.25865
45943,54.230362
45944,17.748962
45945,44.266487
45946,8.711024
45947,23.425613
45948,1.8520728
45949,33.25642
45950,43.937275
45951,7.136841
45952,61.862175
45953,59.480324
45954,13.421592
45955,20.3894
45956,37.156364
45957,71.661255
45958,68.65594
45959,10.817258
45960,61.046482
45961,25.107407
45962,49.22345
45963,72.84017
45964,3.0812497
45965,25.210522
45966,43.080727
45967,23.232536
45968,44.76304
45969,66.34646
45970,2.675219
45971,41.44632
45972,71.251335
45973,38.83737
45974,64.81416
45975,36.95024
45976,41.745354
45977,61.470566
45978,26.908247
45979,62.59044
45980,3.5167847
45981,59.10231
45982,52.60387
45983,1.6135482
45984,45.85652
45985,16.850006
45986,74.49294
45987,52.54806
45988,74.81699
45989,16.566217
45990,31.63721
45991,6.4557867
45992,29.892578
45993,42.03347
45994,54.069836
45995,30.481247
45996,33.69909
45997,18.618547
45998,41.943398
45999,72.57931
46000,20.642939
46001,38.939884
46002,43.15834
46003,65.26018
46004,34.31878
46005,12.179466
46006,56.4823
46007,32.686287
46008,51.883766
46009,69.63041
46010,53.998604
46011,3.793247
46012,28.137466
46013,50.66743
46014,71.28802
46015,68.28767
46016,37.33621
46017,15.367663
46018,33.921932
46019,11.397458
46020,41.979954
46021,65.9964
46022,22.49557
46023,36.410652
46024,41.404594
46025,10.226136
46026,18.799238
46027,3.370669
46028,42.687454
46029,44.421047
46030,33.252636
46031,6.7633963
46032,30.970257
46033,69.45185
46034,18.748625
46035,41.84315
46036,3.8202546
46037,55.08001
46038,15.593834
46039,25.6048
46040,64.53847
46041,21.610577
46042,54.78206
46043,65.82772
46044,28.458559
46045,18.438168
46046,48.941257
46047,24.757538
46048,12.91754
46049,62.738655
46050,25.6251
46051,8.334358
46052,10.527027
46053,17.262573
46054,51.26971
46055,19.889147
46056,19.754612
46057,6.8924847
46058,18.120375
46059,15.980991
46060,6.398738
46061,9.69406
46062,49.953716
46063,6.813369
46064,46.574356
46065,1.6192635
46066,7.600419
46067,17.49324
46068,1.7374303
46069,74.93281
46070,49.8719
46071,10.721555
46072,23.799858
46073,28.623333
46074,57.85337
46075,66.87024
46076,25.766624
46077,75.00791
46078,20.809452
46079,71.81338
46080,1.8274715
46081,34.752464
46082,27.353638
46083,7.4153156
46084,18.708515
46085,49.695763
46086,12.093244
46087,70.66682
46088,2.647078
46089,49.199783
46090,15.5363245
46091,19.021389
46092,35.84965
46093,22.528187
46094,35.257595
46095,8.829013
46096,16.400364
46097,33.455563
46098,56.139427
46099,12.890226
46100,57.95142
46101,57.6708
46102,21.3044
46103,1.7719263
46104,7.7834034
46105,22.09138
46106,20.300613
46107,2.8858197
46108,69.26469
46109,5.006653
46110,34.00303
46111,66.31037
46112,56.50432
46113,53.703598
46114,73.478806
46115,58.46576
46116,63.611244
46117,28.371624
46118,2.1514897
46119,27.467443
46120,19.150087
46121,2.6268237
46122,30.69073
46123,25.239521
46124,55.97448
46125,18.486464
46126,12.993701
46127,47.832054
46128,63.62823
46129,23.279663
46130,38.111946
46131,28.037033
46132,75.128746
46133,19.349333
46134,58.019356
46135,33.736736
46136,1.588311
46137,3.1818018
46138,38.660046
46139,54.125504
46140,56.123047
46141,25.569809
46142,42.702934
46143,57.122673
46144,3.4929497
46145,6.1873302
46146,36.463844
46147,30.750092
46148,15.407702
46149,40.655434
46150,33.643803
46151,15.176149
46152,7.8993416
46153,29.82693
46154,25.290436
46155,66.569496
46156,4.1470933
46157,42.292076
46158,33.83532
46159,3.0068574
46160,52.57106
46161,12.048144
46162,49.93434
46163,71.535675
46164,20.88895
46165,32.566757
46166,69.26222
46167,2.4126701
46168,51.944496
46169,69.91947
46170,71.06985
46171,68.77163
46172,50.03983
46173,34.83439
46174,31.861155
46175,28.224771
46176,1.7150136
46177,12.503835
46178,38.68425
46179,56.54618
46180,75.14196
46181,8.860283
46182,2.5551705
46183,1.588311
46184,72.850624
46185,18.763329
46186,54.49466
46187,67.49366
46188,3.8876703
46189,15.34314
46190,2.039738
46191,13.299293
46192,30.268337
46193,12.725376
46194,1.588311
46195,28.701141
46196,40.697327
46197,1.8797398
46198,5.5726604
46199,2.8177226
46200,57.781796
46201,4.6049423
46202,56.667374
46203,3.359411
46204,39.538033
46205,72.34666
46206,44.996346
46207,25.488085
46208,53.221653
46209,39.43943
46210,72.03074
46211,51.99625
46212,42.568016
46213,57.18891
46214,1.6357621
46215,47.222088
46216,67.94007
46217,77.33883
46218,36.828255
46219,1.8590419
46220,70.78766
46221,8.137277
46222,70.716545
46223,69.451515
46224,25.729
46225,18.781013
46226,14.380162
46227,76.36727
46228,28.82114
46229,50.75003
46230,1.6067135
46231,73.42303
46232,45.68078
46233,21.56053
46234,25.217049
46235,1.588311
46236,37.019608
46237,54.28865
46238,14.248141
46239,14.958249
46240,51.142315
46241,4.1751575
46242,44.49351
46243,19.856663
46244,12.228082
46245,61.568714
46246,19.61728
46247,1.588311
46248,65.43912
46249,19.023539
46250,20.577702
46251,3.8083737
46252,33.158436
46253,35.9031
46254,14.920291
46255,67.57275
46256,14.380635
46257,30.838902
46258,33.74725
46259,1.604254
46260,41.931255
46261,11.033176
46262,34.092674
46263,35.002106
46264,61.34268
46265,51.23717
46266,76.18356
46267,59.23741
46268,5.6011753
46269,41.761135
46270,26.500813
46271,24.972652
46272,65.7411
46273,44.953167
46274,10.656859
46275,68.0354
46276,56.12997
46277,70.47049
46278,58.122807
46279,45.1998
46280,20.59493
46281,67.578255
46282,60.405125
46283,48.373375
46284,2.1469939
46285,9.974732
46286,36.4496
46287,66.00123
46288,64.16489
46289,48.750233
46290,1.588311
46291,45.954586
46292,40.57553
46293,69.49349
46294,22.263342
46295,4.367405
46296,27.253422
46297,60.601074
46298,63.878716
46299,75.00153
46300,43.1549
46301,44.33219
46302,42.038948
46303,37.53859
46304,58.06504
46305,69.91249
46306,39.662384
46307,57.160713
46308,5.3053265
46309,73.95248
46310,37.182777
46311,68.589745
46312,14.818697
46313,37.253624
46314,31.97236
46315,60.65738
46316,53.314957
46317,26.167908
46318,68.13602
46319,34.460224
46320,12.928721
46321,10.911288
46322,44.776188
46323,40.501923
46324,64.03025
46325,61.117332
46326,53.32256
46327,36.770287
46328,55.371872
46329,62.08957
46330,2.8264256
46331,38.662746
46332,34.20549
46333,74.41202
46334,69.03903
46335,15.860787
46336,71.18748
46337,14.389659
46338,59.917343
46339,14.416435
46340,52.90812
46341,56.33638
46342,43.50969
46343,37.829052
46344,1.8319935
46345,10.670733
46346,66.27141
46347,10.9973545
46348,6.296073
46349,49.81611
46350,58.349976
46351,34.209854
46352,56.910843
46353,73.42518
46354,28.384132
46355,28.347712
46356,46.941162
46357,70.60714
46358,61.26471
46359,16.815866
46360,3.4434261
46361,1.588311
46362,29.564827
46363,40.428673
46364,68.77541
46365,61.54106
46366,1.6561145
46367,48.647728
46368,69.01354
46369,55.07932
46370,4.8271723
46371,19.92171
46372,69.180016
46373,13.549848
46374,21.17427
46375,59.759663
46376,44.612644
46377,32.15453
46378,24.02917
46379,36.16912
46380,23.004477
46381,71.756966
46382,11.299461
46383,6.1048107
46384,67.61787
46385,52.24259
46386,21.628616
46387,50.681534
46388,39.26297
46389,49.288982
46390,69.40702
46391,52.249275
46392,44.3198
46393,5.2477217
46394,40.527897
46395,62.644566
46396,36.153313
46397,42.864548
46398,47.1678
46399,1.6497926
46400,41.738068
46401,42.66562
46402,40.028175
46403,66.49908
46404,52.618786
46405,23.474775
46406,1.6138613
46407,12.385459
46408,67.23535
46409,27.30177
46410,19.119959
46411,30.633532
46412,71.26922
46413,62.638542
46414,8.430658
46415,26.008505
46416,65.32277
46417,40.28865
46418,67.546684
46419,31.736897
46420,63.569366
46421,1.7420354
46422,14.481441
46423,58.49491
46424,42.700836
46425,54.90889
46426,50.8338
46427,8.342073
46428,26.226814
46429,51.824158
46430,37.26861
46431,40.896496
46432,10.289842
46433,57.17401
46434,35.70253
46435,30.927422
46436,50.90995
46437,79.74471
46438,61.36049
46439,58.51393
46440,57.182472
46441,65.8883
46442,73.324135
46443,1.588311
46444,30.222595
46445,17.797588
46446,36.41356
46447,42.015533
46448,19.482641
46449,1.6795479
46450,45.316673
46451,3.6649978
46452,73.76298
46453,48.117363
46454,68.79011
46455,1.588311
46456,57.36399
46457,38.978523
46458,13.451507
46459,5.565489
46460,5.3371325
46461,69.41395
46462,8.648755
46463,70.39688
46464,2.638545
46465,20.490767
46466,15.853257
46467,53.722637
46468,3.8425345
46469,72.401955
46470,1.7677295
46471,63.200073
46472,47.80927
46473,1.9614477
46474,72.3269
46475,29.791525
46476,45.338554
46477,48.4444
46478,51.876694
46479,74.78241
46480,74.05146
46481,14.758307
46482,65.07234
46483,62.8982
46484,66.062515
46485,57.197777
46486,5.4771557
46487,6.2264214
46488,67.00439
46489,27.937874
46490,56.46498
46491,55.77877
46492,8.172691
46493,49.319412
46494,64.82464
46495,49.16288
46496,50.166466
46497,65.735085
46498,21.46531
46499,23.804825
46500,12.114151
46501,73.08583
46502,20.273075
46503,25.86193
46504,21.120735
46505,52.14321
46506,18.143152
46507,5.982069
46508,37.36982
46509,4.3144426
46510,14.49149
46511,73.95975
46512,23.827213
46513,3.6828253
46514,11.0600395
46515,35.06334
46516,10.4091015
46517,65.16707
46518,5.46075
46519,7.1555204
46520,29.671455
46521,53.28299
46522,68.8354
46523,66.10855
46524,45.783257
46525,36.153263
46526,56.20207
46527,68.310814
46528,65.618324
46529,9.861625
46530,35.407204
46531,25.16982
46532,48.441963
46533,50.481247
46534,12.628065
46535,68.216896
46536,17.247797
46537,5.283165
46538,23.732231
46539,50.346497
46540,71.10161
46541,40.25171
46542,64.91278
46543,50.809242
46544,36.329
46545,20.136269
46546,45.79863
46547,58.0041
46548,55.337654
46549,69.25059
46550,22.723545
46551,17.74099
46552,37.877647
46553,37.027477
46554,16.183525
46555,77.78607
46556,46.77862
46557,5.6040564
46558,44.257454
46559,36.686966
46560,36.956467
46561,26.139675
46562,41.38308
46563,52.989964
46564,24.87365
46565,9.494998
46566,11.778451
46567,55.27135
46568,72.304955
46569,29.761639
46570,46.115463
46571,36.31996
46572,10.546828
46573,26.972656
46574,4.133977
46575,36.904808
46576,55.063198
46577,67.082634
46578,9.245128
46579,41.539066
46580,60.165207
46581,53.662827
46582,16.488554
46583,68.95284
46584,31.292034
46585,22.23261
46586,50.441097
46587,20.7791
46588,68.36791
46589,35.45147
46590,60.57109
46591,13.435103
46592,41.085114
46593,59.426163
46594,46.125565
46595,31.007229
46596,47.200005
46597,1.588311
46598,1.588311
46599,19.122244
46600,63.91546
46601,73.862114
46602,30.625204
46603,28.34888
46604,57.790554
46605,24.174227
46606,18.595245
46607,19.59519
46608,9.396407
46609,70.47988
46610,10.698866
46611,30.162647
46612,29.27648
46613,73.23482
46614,13.168693
46615,41.952866
46616,7.1288414
46617,2.7259278
46618,60.25365
46619,58.17017
46620,9.226362
46621,69.095985
46622,63.73169
46623,46.06859
46624,4.9573765
46625,59.77571
46626,63.726746
46627,11.7209425
46628,25.498356
46629,48.37648
46630,67.472725
46631,14.991272
46632,41.09743
46633,36.461075
46634,5.258623
46635,55.60444
46636,19.785793
46637,5.139288
46638,48.01818
46639,62.552643
46640,27.507711
46641,60.786297
46642,55.643917
46643,23.305656
46644,27.128382
46645,2.1669586
46646,71.32992
46647,5.540284
46648,1.8915479
46649,23.421482
46650,42.065613
46651,6.8273973
46652,32.902657
46653,66.66131
46654,52.217163
46655,37.89227
46656,56.648773
46657,54.666924
46658,75.26624
46659,10.253474
46660,63.950558
46661,4.646498
46662,39.94317
46663,75.928246
46664,41.36324
46665,40.03399
46666,1.6018956
46667,2.9626
46668,5.7501965
46669,44.298916
46670,43.576508
46671,13.159692
46672,68.807846
46673,50.76943
46674,30.450855
46675,45.73822
46676,64.662766
46677,14.54009
46678,75.9576
46679,26.438429
46680,57.865566
46681,10.548465
46682,51.930626
46683,2.1242924
46684,6.093131
46685,60.007652
46686,5.110093
46687,15.225417
46688,3.098182
46689,29.387508
46690,45.432304
46691,1.588311
46692,58.41159
46693,7.632018
46694,54.903145
46695,16.723171
46696,38.128593
46697,3.01086
46698,53.615166
46699,48.286503
46700,36.561653
46701,66.40565
46702,66.510925
46703,18.857315
46704,1.7672343
46705,57.10591
46706,49.615955
46707,63.51299
46708,47.437584
46709,18.365736
46710,6.015052
46711,64.46367
46712,8.30453
46713,19.517057
46714,1.6051679
46715,77.6045
46716,76.573494
46717,50.88716
46718,59.331696
46719,40.509674
46720,51.780273
46721,11.179147
46722,3.448452
46723,65.82278
46724,65.75063
46725,24.416815
46726,39.769817
46727,66.51474
46728,69.96514
46729,14.757577
46730,29.597298
46731,68.76969
46732,56.685608
46733,55.933144
46734,53.96785
46735,1.9625834
46736,6.6493063
46737,18.272612
46738,46.981697
46739,3.7055757
46740,51.77338
46741,3.180953
46742,52.306156
46743,30.306942
46744,5.465506
46745,66.31084
46746,63.21035
46747,14.096262
46748,12.213025
46749,19.3041
46750,60.25739
46751,14.552002
46752,68.83335
46753,74.543564
46754,2.381405
46755,1.588311
46756,31.705757
46757,34.450657
46758,35.070312
46759,19.10487
46760,18.856846
46761,2.619357
46762,26.799763
46763,67.78387
46764,29.642956
46765,58.80129
46766,29.843384
46767,69.2217
46768,43.256886
46769,41.94684
46770,2.5970037
46771,28.845097
46772,4.923023
46773,48.198692
46774,62.23787
46775,53.948673
46776,29.127823
46777,31.134089
46778,63.96337
46779,20.84319
46780,25.310593
46781,17.882893
46782,25.607567
46783,37.22873
46784,37.71942
46785,73.17242
46786,16.281443
46787,52.14151
46788,17.372576
46789,51.654453
46790,12.175589
46791,41.872147
46792,34.725582
46793,43.51225
46794,50.853474
46795,22.815208
46796,16.157866
46797,64.02981
46798,15.93847
46799,51.513824
46800,12.033815
46801,54.226025
46802,58.836
46803,10.023438
46804,32.017006
46805,4.694281
46806,69.12766
46807,65.75984
46808,8.11986
46809,15.557286
46810,54.437798
46811,2.2157037
46812,45.897705
46813,62.093544
46814,31.186878
46815,10.698207
46816,1.6209178
46817,12.991169
46818,9.99584
46819,44.371674
46820,49.329815
46821,12.999568
46822,13.920917
46823,37.780575
46824,30.68118
46825,20.288849
46826,64.24287
46827,64.70467
46828,45.357445
46829,56.9041
46830,7.492301
46831,61.26319
46832,11.139602
46833,1.6835164
46834,25.309843
46835,9.308146
46836,73.60877
46837,54.819267
46838,21.664085
46839,47.300076
46840,1.588311
46841,15.920602
46842,1.6792116
46843,62.048065
46844,60.9328
46845,6.341032
46846,70.842064
46847,16.065422
46848,55.207073
46849,35.939995
46850,11.212151
46851,60.31984
46852,59.21457
46853,62.771984
46854,6.5921793
46855,52.932404
46856,78.27665
46857,65.00348
46858,46.56797
46859,38.958397
46860,19.17049
46861,3.1612978
46862,52.765957
46863,48.086044
46864,28.724285
46865,10.071625
46866,1.588311
46867,63.699806
46868,53.0636
46869,10.109879
46870,10.771435
46871,46.13541
46872,44.96678
46873,47.1623
46874,35.744415
46875,9.58375
46876,31.43731
46877,4.3934174
46878,24.714165
46879,28.720665
46880,68.48877
46881,32.111946
46882,54.125854
46883,4.6753664
46884,10.157729
46885,58.430206
46886,5.931616
46887,48.203888
46888,8.098626
46889,23.04082
46890,66.67838
46891,39.53857
46892,18.850998
46893,14.442309
46894,11.221145
46895,35.938423
46896,34.810104
46897,61.736797
46898,61.810448
46899,70.67416
46900,64.05517
46901,70.45096
46902,8.985719
46903,66.0176
46904,1.588311
46905,57.24733
46906,73.711784
46907,16.80683
46908,53.096275
46909,26.281359
46910,26.940136
46911,39.048676
46912,55.221176
46913,35.498253
46914,63.177994
46915,1.588311
46916,26.990952
46917,66.94708
46918,62.336132
46919,70.43363
46920,18.426346
46921,57.95508
46922,41.360947
46923,70.66529
46924,41.40824
46925,66.6101
46926,51.75907
46927,54.56767
46928,65.40234
46929,1.6169134
46930,61.297718
46931,61.88016
46932,63.7862
46933,44.852913
46934,17.856342
46935,54.240116
46936,60.445995
46937,54.25086
46938,34.653206
46939,10.247045
46940,19.842628
46941,68.32429
46942,33.946735
46943,47.753532
46944,4.5438404
46945,4.2712383
46946,74.96003
46947,81.35363
46948,70.26851
46949,27.246239
46950,57.324497
46951,32.17334
46952,39.394615
46953,28.203472
46954,46.118805
46955,65.90142
46956,66.01469
46957,66.85439
46958,8.408513
46959,43.34111
46960,27.483027
46961,53.113464
46962,11.00767
46963,4.484272
46964,46.467216
46965,1.588311
46966,70.02318
46967,47.01023
46968,42.364315
46969,15.469897
46970,42.461876
46971,60.21842
46972,30.770912
46973,15.01341
46974,55.894512
46975,46.004265
46976,43.41326
46977,24.171417
46978,57.874504
46979,70.65879
46980,11.612435
46981,1.588311
46982,41.268856
46983,21.703587
46984,55.513454
46985,58.026512
46986,33.773994
46987,69.13206
46988,65.317696
46989,69.15859
46990,27.655827
46991,58.910583
46992,52.27549
46993,74.869316
46994,67.89651
46995,38.039722
46996,56.1841
46997,58.60225
46998,18.524181
46999,68.77766
47000,9.757018
47001,21.23205
47002,53.99936
47003,43.856106
47004,60.559326
47005,74.543175
47006,50.070435
47007,11.451433
47008,37.220833
47009,5.1042595
47010,20.032478
47011,67.044136
47012,44.797474
47013,72.66372
47014,54.642548
47015,53.920868
47016,43.448475
47017,15.806197
47018,63.685005
47019,21.821665
47020,10.444549
47021,73.95586
47022,54.86286
47023,53.50551
47024,36.449177
47025,64.02177
47026,11.853427
47027,5.76085
47028,27.966301
47029,70.354935
47030,28.40203
47031,6.840312
47032,51.287205
47033,1.588311
47034,3.0401564
47035,71.94634
47036,63.423866
47037,75.77165
47038,32.37304
47039,45.658318
47040,71.42988
47041,43.431408
47042,2.710341
47043,40.017807
47044,12.869033
47045,62.800476
47046,1.9821457
47047,70.663155
47048,62.99371
47049,62.534863
47050,19.456657
47051,48.060326
47052,74.74427
47053,26.467083
47054,54.9203
47055,30.000305
47056,16.888317
47057,43.54882
47058,46.090065
47059,67.74825
47060,14.749666
47061,37.629234
47062,3.8266118
47063,40.471344
47064,1.8182596
47065,2.6830602
47066,55.744194
47067,9.357082
47068,52.76866
47069,62.24845
47070,58.515335
47071,22.206972
47072,1.8289591
47073,70.98414
47074,1.588311
47075,71.17381
47076,5.2799673
47077,64.37425
47078,58.668907
47079,20.46022
47080,50.329605
47081,58.924637
47082,20.297342
47083,62.87535
47084,51.1791
47085,42.151047
47086,64.61396
47087,1.6288373
47088,11.373869
47089,31.475204
47090,51.45545
47091,64.86059
47092,57.306908
47093,45.56846
47094,7.60744
47095,6.4347124
47096,43.88051
47097,46.106876
47098,29.409767
47099,70.25362
47100,71.60039
47101,68.32353
47102,45.239773
47103,33.648422
47104,10.518842
47105,69.80305
47106,43.27319
47107,5.485519
47108,62.989723
47109,15.667179
47110,50.82253
47111,36.664608
47112,23.965618
47113,19.043932
47114,67.314964
47115,9.051904
47116,29.634228
47117,12.475677
47118,55.3436
47119,57.705906
47120,21.226528
47121,39.137115
47122,16.050507
47123,1.588311
47124,54.883083
47125,18.767433
47126,21.430954
47127,78.15262
47128,51.70603
47129,22.270412
47130,54.012325
47131,65.27208
47132,59.76715
47133,31.353676
47134,14.353674
47135,32.80777
47136,3.9935806
47137,32.806995
47138,29.334776
47139,51.168037
47140,35.258762
47141,1.866274
47142,59.28128
47143,66.32922
47144,16.456665
47145,17.789146
47146,27.293423
47147,55.17482
47148,2.4255877
47149,4.1576576
47150,73.3743
47151,65.34702
47152,60.18535
47153,23.642159
47154,24.243303
47155,47.26078
47156,29.381947
47157,70.23539
47158,23.523443
47159,5.2084637
47160,41.47708
47161,17.944942
47162,61.955536
47163,19.456127
47164,54.024162
47165,17.105967
47166,56.478203
47167,22.522661
47168,66.31412
47169,43.824387
47170,60.747925
47171,29.146795
47172,55.964603
47173,75.28449
47174,23.490158
47175,58.79169
47176,44.40383
47177,19.976383
47178,52.44001
47179,40.714306
47180,52.37677
47181,71.10795
47182,20.229624
47183,39.87523
47184,72.817314
47185,18.350878
47186,61.246407
47187,45.503036
47188,71.46955
47189,74.20874
47190,45.771805
47191,40.49987
47192,72.182205
47193,17.562227
47194,63.81884
47195,63.29215
47196,69.38385
47197,37.819893
47198,47.360893
47199,74.35896
47200,15.429056
47201,26.02797
47202,50.63316
47203,1.8254282
47204,46.514137
47205,29.934166
47206,64.61374
47207,33.52342
47208,7.433387
47209,1.588311
47210,8.966254
47211,72.49766
47212,58.616264
47213,3.5813112
47214,75.19795
47215,57.60295
47216,29.029108
47217,7.79959
47218,34.076614
47219,9.18843
47220,1.588311
47221,66.26417
47222,57.74312
47223,5.5228605
47224,59.964203
47225,27.86626
47226,48.16646
47227,71.81049
47228,69.36768
47229,69.61834
47230,1.6917725
47231,3.9728496
47232,75.14485
47233,37.185867
47234,15.959211
47235,56.51729
47236,2.1101627
47237,27.747667
47238,56.631134
47239,68.10163
47240,19.297003
47241,38.97924
47242,15.113577
47243,22.846195
47244,52.30345
47245,48.948082
47246,49.380646
47247,1.6730273
47248,13.6152525
47249,36.970654
47250,18.439816
47251,69.30592
47252,77.963264
47253,10.8121195
47254,57.8529
47255,22.798754
47256,56.90924
47257,2.1334794
47258,45.5039
47259,39.4513
47260,41.490044
47261,60.53408
47262,72.44815
47263,38.589363
47264,62.884003
47265,46.65493
47266,4.6532526
47267,66.77594
47268,73.33881
47269,71.199104
47270,34.50696
47271,59.193253
47272,51.32122
47273,66.3949
47274,3.8429525
47275,67.76401
47276,35.876236
47277,3.3583894
47278,9.391285
47279,22.232397
47280,42.955276
47281,14.059184
47282,23.950317
47283,23.232868
47284,6.617181
47285,52.577133
47286,67.46216
47287,56.009365
47288,30.221645
47289,41.94885
47290,20.396763
47291,19.73086
47292,14.207794
47293,12.578021
47294,56.706085
47295,36.53822
47296,48.051567
47297,52.9894
47298,46.295074
47299,34.235256
47300,70.369125
47301,13.115257
47302,2.124444
47303,69.69523
47304,6.58031
47305,18.818893
47306,38.998768
47307,33.0883
47308,1.6275623
47309,44.78746
47310,9.429555
47311,66.99981
47312,8.588052
47313,21.887756
47314,10.045409
47315,16.099192
47316,32.448303
47317,63.539978
47318,5.8928747
47319,24.981115
47320,1.588311
47321,44.6986
47322,54.47248
47323,18.164097
47324,62.994293
47325,33.396946
47326,29.699158
47327,41.45082
47328,25.526894
47329,58.630714
47330,5.600563
47331,57.771034
47332,2.9149928
47333,18.495121
47334,61.493584
47335,35.34424
47336,74.738525
47337,62.421364
47338,18.3657
47339,74.314125
47340,47.591278
47341,14.979194
47342,38.172546
47343,62.227913
47344,77.355934
47345,51.91022
47346,68.65203
47347,1.6987786
47348,58.572
47349,65.562454
47350,68.03688
47351,48.613804
47352,4.5077305
47353,23.717274
47354,64.71352
47355,58.463303
47356,19.447868
47357,58.64097
47358,25.021235
47359,57.398037
47360,17.864204
47361,2.5044098
47362,62.889187
47363,48.28164
47364,12.720017
47365,77.27153
47366,10.577346
47367,10.567946
47368,11.385015
47369,1.588311
47370,19.839193
47371,47.363907
47372,32.018414
47373,31.530745
47374,18.726837
47375,35.571133
47376,2.044756
47377,15.848616
47378,38.147106
47379,50.148666
47380,68.553566
47381,22.011219
47382,66.54336
47383,31.517704
47384,46.536564
47385,6.514246
47386,7.0848656
47387,70.456276
47388,42.84407
47389,26.548893
47390,17.129782
47391,54.773445
47392,65.95722
47393,62.674244
47394,48.083138
47395,41.42342
47396,29.670706
47397,67.625114
47398,53.69571
47399,38.50625
47400,59.73269
47401,49.386375
47402,56.440994
47403,15.663299
47404,67.66381
47405,61.689243
47406,52.440243
47407,55.524246
47408,25.587929
47409,36.892315
47410,1.588311
47411,50.73464
47412,48.84185
47413,64.45939
47414,72.10889
47415,75.06712
47416,15.905831
47417,67.91577
47418,27.070658
47419,1.7488928
47420,76.45554
47421,3.6004727
47422,57.376312
47423,34.7212
47424,10.503615
47425,64.52368
47426,50.154987
47427,1.588311
47428,16.872377
47429,22.762798
47430,63.717358
47431,35.249313
47432,1.7612566
47433,34.542824
47434,30.696758
47435,59.47242
47436,35.28399
47437,60.484978
47438,3.314023
47439,19.261047
47440,19.704794
47441,25.581444
47442,36.617065
47443,49.7576
47444,41.820763
47445,49.960682
47446,75.67816
47447,49.45014
47448,71.499146
47449,48.349884
47450,32.64412
47451,75.34669
47452,69.75009
47453,58.616413
47454,70.13013
47455,41.985565
47456,71.91224
47457,31.140461
47458,4.672414
47459,17.614258
47460,50.396114
47461,59.027195
47462,40.560516
47463,63.441154
47464,46.752575
47465,12.182839
47466,61.067535
47467,52.492542
47468,1.588311
47469,70.70142
47470,53.005394
47471,71.31163
47472,66.459114
47473,47.68254
47474,22.13557
47475,17.575565
47476,68.79083
47477,50.440384
47478,11.87881
47479,7.424361
47480,4.3789473
47481,41.19835
47482,31.171082
47483,55.32178
47484,72.35375
47485,60.697124
47486,60.42459
47487,59.230907
47488,2.8054826
47489,62.851498
47490,8.494029
47491,32.813873
47492,75.73148
47493,2.6510315
47494,17.586128
47495,13.657287
47496,71.527145
47497,21.755882
47498,6.662264
47499,58.409508
47500,3.0891976
47501,72.76139
47502,30.935968
47503,13.397041
47504,14.896546
47505,72.82905
47506,15.60976
47507,6.2811575
47508,35.894928
47509,1.588311
47510,69.02515
47511,27.12201
47512,16.373938
47513,57.733208
47514,41.31462
47515,18.936207
47516,47.02487
47517,68.50815
47518,43.12537
47519,62.11525
47520,67.76098
47521,55.78379
47522,13.621744
47523,61.907776
47524,33.102882
47525,65.50992
47526,53.67936
47527,15.523547
47528,74.206215
47529,38.73779
47530,64.11897
47531,78.5407
47532,42.929756
47533,30.420826
47534,72.655205
47535,69.824715
47536,1.8667849
47537,7.9726553
47538,13.968976
47539,62.409477
47540,1.6003429
47541,51.973152
47542,28.361576
47543,15.882007
47544,67.60166
47545,1.588311
47546,57.86905
47547,53.84461
47548,60.25885
47549,38.821136
47550,34.454315
47551,4.032851
47552,50.5256
47553,25.597614
47554,36.419056
47555,2.1996968
47556,11.282075
47557,50.51828
47558,1.588311
47559,17.978348
47560,2.5134368
47561,40.401146
47562,31.810562
47563,66.82662
47564,2.2955556
47565,65.85615
47566,19.378939
47567,2.556029
47568,67.04061
47569,30.033195
47570,68.11878
47571,54.49276
47572,68.1325
47573,48.458115
47574,66.02899
47575,54.78739
47576,45.19867
47577,42.671646
47578,37.139435
47579,18.579075
47580,40.73117
47581,61.791542
47582,1.6115555
47583,29.24524
47584,28.75469
47585,41.18305
47586,45.951385
47587,12.211549
47588,32.60787
47589,69.31826
47590,62.910385
47591,64.95164
47592,1.7206976
47593,67.32903
47594,21.539173
47595,27.314163
47596,46.159782
47597,1.6863774
47598,57.20262
47599,62.745094
47600,61.432934
47601,11.948507
47602,22.293259
47603,13.199918
47604,2.0913303
47605,53.39758
47606,8.033752
47607,21.491993
47608,15.912766
47609,51.359215
47610,5.274081
47611,25.007202
47612,66.46021
47613,12.970117
47614,5.0583935
47615,45.29182
47616,28.099747
47617,54.745956
47618,54.111027
47619,54.430252
47620,41.739853
47621,19.358604
47622,41.451347
47623,34.781296
47624,38.104134
47625,16.060179
47626,69.694725
47627,40.323395
47628,21.940338
47629,61.462234
47630,8.734034
47631,57.29006
47632,52.37737
47633,51.828175
47634,42.373695
47635,53.96734
47636,36.476925
47637,35.989902
47638,71.97883
47639,45.85848
47640,9.091151
47641,1.7825246
47642,10.301656
47643,31.95897
47644,47.596066
47645,44.518097
47646,7.646962
47647,26.402348
47648,7.330078
47649,13.044826
47650,54.53579
47651,44.105644
47652,17.593529
47653,4.827504
47654,60.427876
47655,8.870129
47656,40.976494
47657,66.29294
47658,1.6438682
47659,64.47201
47660,27.279024
47661,25.168486
47662,15.4876585
47663,20.178093
47664,4.2231364
47665,12.409346
47666,21.05371
47667,36.244087
47668,72.08399
47669,38.13276
47670,70.201
47671,14.253041
47672,45.306477
47673,35.358444
47674,63.154373
47675,1.7871673
47676,55.347916
47677,55.945488
47678,70.02357
47679,16.30215
47680,44.61286
47681,64.2411
47682,69.4309
47683,41.678627
47684,4.6691637
47685,36.743523
47686,63.747124
47687,11.045735
47688,1.758575
47689,52.255516
47690,66.13401
47691,51.022354
47692,36.00325
47693,12.632838
47694,46.694
47695,31.584955
47696,19.881695
47697,35.0185
47698,9.063533
47699,47.604652
47700,70.10566
47701,49.16568
47702,25.49308
47703,4.0995226
47704,68.16801
47705,1.6701003
47706,23.8758
47707,9.590867
47708,72.9199
47709,50.877235
47710,59.961708
47711,52.58835
47712,61.545807
47713,5.1179137
47714,54.649673
47715,15.194722
47716,16.073952
47717,40.076576
47718,2.2879033
47719,31.551584
47720,37.36255
47721,72.34498
47722,1.588311
47723,44.900352
47724,41.367058
47725,19.28028
47726,33.045876
47727,21.513557
47728,43.1931
47729,25.160122
47730,1.9016074
47731,61.805405
47732,30.364243
47733,51.78163
47734,45.29384
47735,16.980574
47736,16.706032
47737,68.98692
47738,41.978516
47739,11.192633
47740,1.9037142
47741,74.759056
47742,61.956482
47743,21.185911
47744,17.64649
47745,8.985569
47746,57.744488
47747,15.791753
47748,27.306408
47749,8.595615
47750,4.071785
47751,23.73502
47752,60.255455
47753,3.0257597
47754,40.643314
47755,21.981483
47756,35.790947
47757,44.100204
47758,76.06936
47759,39.11801
47760,18.231625
47761,36.723934
47762,23.623365
47763,13.503433
47764,69.88714
47765,3.6796691
47766,1.588311
47767,68.76297
47768,47.761036
47769,69.042625
47770,59.871582
47771,2.0855846
47772,25.527056
47773,69.71462
47774,15.013025
47775,56.518036
47776,14.403325
47777,1.588311
47778,34.372395
47779,25.115374
47780,12.73518
47781,66.15449
47782,6.9535484
47783,55.919235
47784,46.66619
47785,60.933746
47786,59.387043
47787,16.504597
47788,6.4776554
47789,65.24332
47790,70.36911
47791,8.339028
47792,31.603596
47793,46.15248
47794,61.14495
47795,27.578835
47796,45.371937
47797,42.66491
47798,37.16667
47799,18.620838
47800,34.58883
47801,35.433823
47802,58.97064
47803,29.774485
47804,52.01027
47805,18.58471
47806,8.635991
47807,42.13324
47808,11.470698
47809,37.93215
47810,32.891068
47811,40.59148
47812,1.588311
47813,27.334723
47814,58.78061
47815,64.27129
47816,38.804558
47817,43.821228
47818,1.5901086
47819,56.35852
47820,60.960865
47821,4.914444
47822,55.408985
47823,29.00505
47824,22.369787
47825,58.77825
47826,51.909805
47827,41.371395
47828,72.6796
47829,58.795895
47830,63.37982
47831,11.052737
47832,72.265274
47833,19.009071
47834,12.191041
47835,56.064205
47836,5.922223
47837,34.547516
47838,29.86642
47839,36.10189
47840,18.843048
47841,14.638025
47842,24.164192
47843,52.892387
47844,24.516304
47845,73.35821
47846,28.19352
47847,4.528329
47848,73.361626
47849,73.84487
47850,1.588311
47851,36.18293
47852,24.458548
47853,4.634613
47854,28.07111
47855,37.314606
47856,48.940002
47857,28.747988
47858,4.002844
47859,1.588311
47860,24.258854
47861,58.505157
47862,2.6640205
47863,66.030174
47864,49.60686
47865,24.186834
47866,52.31995
47867,16.962778
47868,20.572662
47869,1.9832137
47870,73.88704
47871,71.64065
47872,31.949392
47873,44.86081
47874,72.82114
47875,37.057564
47876,55.320335
47877,69.77741
47878,69.586174
47879,3.0874538
47880,38.70586
47881,45.489132
47882,1.6655593
47883,66.627495
47884,11.048621
47885,36.386616
47886,26.01496
47887,50.162857
47888,16.98654
47889,65.12572
47890,60.63723
47891,34.607975
47892,70.51472
47893,62.820484
47894,65.47886
47895,47.05913
47896,38.269657
47897,71.33778
47898,51.977417
47899,41.528828
47900,28.687965
47901,64.59355
47902,28.804226
47903,31.451092
47904,2.1169605
47905,68.50755
47906,46.211514
47907,33.14531
47908,14.79234
47909,25.909983
47910,52.104477
47911,12.230257
47912,7.9778385
47913,38.683945
47914,12.832354
47915,65.15047
47916,2.2013068
47917,24.466045
47918,6.874749
47919,40.321857
47920,34.302853
47921,61.119835
47922,26.24469
47923,59.366585
47924,26.790266
47925,41.046844
47926,26.247776
47927,51.236477
47928,40.675297
47929,13.1732645
47930,25.015276
47931,3.7488773
47932,8.837822
47933,45.488194
47934,40.34816
47935,47.559685
47936,38.011673
47937,12.929243
47938,5.3347225
47939,40.44342
47940,42.743294
47941,64.44493
47942,12.045333
47943,32.875492
47944,34.56002
47945,23.256653
47946,13.996341
47947,55.200382
47948,38.962288
47949,77.65877
47950,59.886333
47951,74.98667
47952,45.679104
47953,13.701097
47954,70.08839
47955,60.686512
47956,15.614862
47957,28.531342
47958,53.54343
47959,46.827766
47960,47.68108
47961,52.67546
47962,27.367947
47963,52.675888
47964,48.180305
47965,17.914482
47966,67.26597
47967,60.598484
47968,39.229023
47969,63.997562
47970,5.194869
47971,42.23562
47972,77.597374
47973,50.51743
47974,62.940018
47975,2.3787277
47976,43.28416
47977,32.91082
47978,47.305614
47979,62.524403
47980,46.862793
47981,38.62252
47982,73.18752
47983,45.85679
47984,5.310771
47985,72.10482
47986,57.910988
47987,16.510101
47988,54.222256
47989,61.069214
47990,65.47005
47991,66.18609
47992,68.41991
47993,50.662437
47994,32.31912
47995,52.468155
47996,8.809683
47997,50.273582
47998,51.178864
47999,60.56881
48000,44.453735
48001,30.65361
48002,31.479708
48003,35.1283
48004,11.347978
48005,44.75698
48006,36.06864
48007,31.205656
48008,1.7719095
48009,72.56106
48010,2.9991183
48011,31.594128
48012,53.203896
48013,43.87083
48014,64.12127
48015,59.368942
48016,57.48037
48017,1.588311
48018,66.77648
48019,40.126514
48020,21.313213
48021,16.747126
48022,38.803787
48023,63.555695
48024,10.511836
48025,31.264484
48026,2.5880075
48027,74.91468
48028,69.98154
48029,26.758648
48030,9.661437
48031,76.07755
48032,34.769672
48033,10.58627
48034,68.83482
48035,40.538914
48036,1.9160978
48037,51.41273
48038,33.202244
48039,10.742888
48040,1.6004338
48041,53.49922
48042,20.940752
48043,22.223633
48044,9.667646
48045,22.729733
48046,70.6607
48047,49.94206
48048,30.767723
48049,8.927409
48050,36.19895
48051,50.193115
48052,71.495415
48053,54.828415
48054,57.894485
48055,76.34876
48056,26.191235
48057,27.544823
48058,31.523556
48059,50.902916
48060,16.17202
48061,62.482506
48062,44.7868
48063,53.95742
48064,70.623825
48065,58.89563
48066,28.130962
48067,32.33728
48068,1.588311
48069,10.136884
48070,37.155327
48071,30.011124
48072,13.481608
48073,6.00696
48074,79.12356
48075,54.086372
48076,53.781906
48077,57.630447
48078,68.662636
48079,37.946598
48080,40.374207
48081,71.492584
48082,32.150654
48083,70.505165
48084,18.746939
48085,1.588311
48086,65.647484
48087,34.693096
48088,75.0826
48089,62.320873
48090,55.23235
48091,52.774982
48092,65.2677
48093,58.89533
48094,43.673912
48095,66.94598
48096,46.1956
48097,19.750168
48098,61.7846
48099,56.136177
48100,2.0906997
48101,37.265045
48102,11.059543
48103,17.006416
48104,24.067368
48105,37.73055
48106,54.73565
48107,67.66947
48108,56.272392
48109,38.065865
48110,71.02629
48111,2.57062
48112,3.094829
48113,48.13304
48114,74.86074
48115,45.09565
48116,32.551373
48117,72.47711
48118,36.92793
48119,8.516565
48120,60.48934
48121,70.04655
48122,30.152378
48123,71.97314
48124,9.119862
48125,14.138079
48126,51.920055
48127,76.06301
48128,16.443209
48129,1.594849
48130,36.815712
48131,59.792385
48132,34.200096
48133,34.887035
48134,75.30473
48135,28.137321
48136,12.624314
48137,1.588311
48138,52.89798
48139,16.231588
48140,55.221653
48141,36.10862
48142,23.899757
48143,16.733358
48144,26.845953
48145,10.995862
48146,71.22227
48147,1.588311
48148,73.2299
48149,64.09543
48150,73.766945
48151,18.757465
48152,35.27562
48153,75.59778
48154,27.693382
48155,75.29388
48156,15.244918
48157,48.76467
48158,35.689697
48159,5.61534
48160,19.80483
48161,4.783063
48162,41.263245
48163,1.5888667
48164,58.018185
48165,56.92911
48166,49.751156
48167,1.588311
48168,53.513474
48169,55.617462
48170,16.959269
48171,62.519962
48172,31.023188
48173,67.33417
48174,66.46763
48175,45.563026
48176,18.33274
48177,77.86948
48178,44.43505
48179,74.52341
48180,35.382263
48181,29.492184
48182,43.41444
48183,65.24723
48184,51.808723
48185,6.862273
48186,18.538988
48187,2.9360838
48188,66.6826
48189,44.6724
48190,12.2772255
48191,9.789328
48192,70.613335
48193,59.78115
48194,57.328773
48195,3.632448
48196,57.602394
48197,5.837186
48198,1.588311
48199,16.554756
48200,28.686153
48201,46.11188
48202,14.208179
48203,55.71602
48204,63.278313
48205,37.844017
48206,35.71559
48207,71.47982
48208,46.38485
48209,16.757488
48210,17.95113
48211,4.268627
48212,3.1235905
48213,39.73408
48214,45.986847
48215,29.393549
48216,61.671234
48217,58.3934
48218,5.941784
48219,46.10544
48220,35.06135
48221,28.24035
48222,46.993084
48223,44.302307
48224,73.5681
48225,74.69511
48226,11.689761
48227,17.590847
48228,64.06128
48229,1.9019603
48230,30.332954
48231,29.206608
48232,64.52368
48233,10.113796
48234,36.004387
48235,53.507195
48236,68.44776
48237,35.503227
48238,71.09382
48239,42.384995
48240,30.045277
48241,15.4049425
48242,56.27083
48243,41.02115
48244,22.825798
48245,57.93118
48246,33.844906
48247,61.443962
48248,71.1925
48249,63.128532
48250,42.31246
48251,61.543533
48252,40.8491
48253,10.756084
48254,8.192726
48255,41.42988
48256,21.194134
48257,34.600765
48258,54.44273
48259,64.52119
48260,75.1317
48261,2.4486852
48262,47.539394
48263,65.38774
48264,48.49133
48265,10.8965845
48266,56.89212
48267,11.793008
48268,32.720512
48269,60.753616
48270,36.82306
48271,52.793835
48272,70.71755
48273,26.961317
48274,11.2353115
48275,73.832726
48276,4.7946806
48277,35.39492
48278,30.557459
48279,74.60237
48280,47.815174
48281,43.94387
48282,29.286398
48283,28.355366
48284,13.85027
48285,2.8697708
48286,11.019896
48287,67.3275
48288,1.6716424
48289,52.752228
48290,72.9909
48291,68.41105
48292,8.241932
48293,1.588311
48294,57.433266
48295,32.852627
48296,57.912033
48297,71.76639
48298,69.54009
48299,74.14131
48300,3.4651315
48301,63.25848
48302,7.180888
48303,53.411156
48304,57.593876
48305,37.068726
48306,20.300682
48307,66.5192
48308,41.45166
48309,13.179069
48310,2.1767745
48311,1.8650113
48312,13.229132
48313,48.020847
48314,62.79978
48315,73.50278
48316,36.308426
48317,67.737274
48318,56.037254
48319,61.47625
48320,63.170433
48321,13.218627
48322,1.6112118
48323,57.35585
48324,37.78441
48325,50.094254
48326,30.572998
48327,51.459198
48328,4.630143
48329,45.99282
48330,3.5734715
48331,66.773125
48332,35.774418
48333,30.965294
48334,37.30293
48335,73.13645
48336,55.51453
48337,26.641472
48338,67.351006
48339,37.29606
48340,66.80468
48341,26.74366
48342,38.453606
48343,17.41637
48344,38.94522
48345,51.731613
48346,8.260703
48347,2.370444
48348,51.100742
48349,14.154505
48350,7.975505
48351,71.12625
48352,55.07938
48353,17.394184
48354,1.588311
48355,61.530293
48356,36.236275
48357,18.502487
48358,29.433382
48359,1.641077
48360,11.357249
48361,53.328407
48362,55.635548
48363,49.757713
48364,55.302288
48365,28.220058
48366,59.088623
48367,34.900314
48368,8.759021
48369,61.198624
48370,62.52838
48371,2.818626
48372,63.526886
48373,70.14567
48374,14.254821
48375,60.486645
48376,39.093918
48377,35.574585
48378,36.98978
48379,69.66825
48380,7.06176
48381,49.3991
48382,30.02737
48383,34.010147
48384,69.098915
48385,1.7308772
48386,67.22382
48387,6.867899
48388,60.771606
48389,35.463795
48390,62.790127
48391,51.89565
48392,6.5568
48393,62.20235
48394,67.136246
48395,25.958649
48396,44.37967
48397,43.31761
48398,19.582348
48399,37.129875
48400,10.856896
48401,62.98189
48402,14.6447115
48403,64.297
48404,54.038647
48405,61.853718
48406,38.073845
48407,41.13306
48408,30.962759
48409,68.021774
48410,44.63854
48411,8.591717
48412,2.4952254
48413,67.1212
48414,26.221256
48415,12.601298
48416,45.326767
48417,17.306368
48418,73.005585
48419,47.54312
48420,62.700066
48421,69.10858
48422,33.11181
48423,56.153713
48424,27.180378
48425,58.66069
48426,67.8964
48427,71.15407
48428,27.48172
48429,37.09252
48430,43.948166
48431,60.78128
48432,59.53733
48433,52.616203
48434,57.061295
48435,11.4755535
48436,45.580727
48437,21.411386
48438,22.944199
48439,70.40771
48440,6.329666
48441,70.18922
48442,68.02134
48443,58.613064
48444,15.254468
48445,9.886397
48446,30.572012
48447,48.23998
48448,65.97427
48449,44.62661
48450,1.9960171
48451,70.15045
48452,1.8520694
48453,70.791145
48454,33.14867
48455,32.030876
48456,60.07753
48457,74.55599
48458,34.520447
48459,24.616787
48460,16.698877
48461,4.1013756
48462,1.7034178
48463,64.68347
48464,22.101059
48465,49.623203
48466,22.439682
48467,68.00133
48468,62.167435
48469,70.68677
48470,42.458824
48471,72.15591
48472,10.518236
48473,72.75659
48474,12.679812
48475,70.169975
48476,31.092197
48477,1.588311
48478,58.620735
48479,70.54269
48480,8.15335
48481,30.740797
48482,44.386513
48483,40.08644
48484,19.31876
48485,49.941353
48486,35.927963
48487,39.076473
48488,37.887733
48489,15.271039
48490,44.027435
48491,26.609291
48492,24.205982
48493,2.3784394
48494,36.092583
48495,23.321463
48496,22.290508
48497,45.531406
48498,3.7814817
48499,42.93496
48500,9.079981
48501,43.50702
48502,12.099014
48503,76.19745
48504,7.610923
48505,45.81515
48506,13.742505
48507,8.775902
48508,74.23881
48509,1.6052613
48510,68.35417
48511,43.571014
48512,12.226095
48513,39.627613
48514,25.462933
48515,33.96419
48516,60.70568
48517,10.557731
48518,2.4540572
48519,66.39336
48520,3.0938835
48521,25.52237
48522,17.776228
48523,9.106874
48524,53.36927
48525,33.02171
48526,72.891396
48527,22.342554
48528,63.995667
48529,59.000984
48530,17.135448
48531,25.478931
48532,59.50824
48533,29.494488
48534,32.18914
48535,30.392403
48536,37.79987
48537,62.63114
48538,31.044125
48539,47.767498
48540,5.207897
48541,44.36719
48542,33.397175
48543,55.89596
48544,1.6286452
48545,53.16568
48546,6.8583374
48547,60.964645
48548,76.23266
48549,67.38134
48550,57.422493
48551,73.81341
48552,77.21547
48553,69.68696
48554,13.576222
48555,19.608028
48556,42.912205
48557,68.94076
48558,35.149513
48559,8.893228
48560,72.150604
48561,24.510006
48562,33.197937
48563,67.803795
48564,75.99238
48565,16.873579
48566,60.303825
48567,48.087723
48568,7.545453
48569,63.2305
48570,53.415863
48571,51.734734
48572,5.0028954
48573,7.6049757
48574,27.932549
48575,42.1014
48576,3.4260514
48577,36.262077
48578,3.7109995
48579,41.41944
48580,21.238432
48581,16.748657
48582,41.11181
48583,68.79739
48584,72.3281
48585,4.7272778
48586,26.216427
48587,10.404712
48588,22.037376
48589,61.62121
48590,8.649004
48591,31.917608
48592,27.676472
48593,3.916295
48594,34.891197
48595,16.426287
48596,44.586403
48597,48.21485
48598,1.8142618
48599,6.552162
48600,1.6293411
48601,34.344513
48602,35.705574
48603,39.58766
48604,59.142906
48605,70.44976
48606,19.457428
48607,7.458927
48608,25.136845
48609,62.31132
48610,1.588311
48611,24.305172
48612,12.628219
48613,57.774227
48614,3.1909764
48615,37.421654
48616,8.701294
48617,29.130013
48618,62.099236
48619,58.79938
48620,44.11549
48621,55.151512
48622,64.987366
48623,28.019808
48624,45.7469
48625,74.60436
48626,15.642011
48627,17.864557
48628,66.08192
48629,28.666733
48630,58.953888
48631,20.382662
48632,4.152117
48633,58.98314
48634,1.588311
48635,49.635998
48636,33.320225
48637,61.786354
48638,20.178997
48639,11.973643
48640,33.838207
48641,27.756134
48642,2.0416546
48643,28.545355
48644,71.59991
48645,31.638689
48646,49.34514
48647,23.083553
48648,10.606271
48649,59.87315
48650,8.049135
48651,33.361217
48652,73.227165
48653,32.95392
48654,70.38531
48655,3.3488398
48656,58.959747
48657,13.018592
48658,4.3630857
48659,19.082556
48660,49.839397
48661,12.613677
48662,45.69716
48663,62.233147
48664,19.97263
48665,28.33249
48666,70.2299
48667,21.608337
48668,48.845634
48669,71.00891
48670,29.65663
48671,32.32263
48672,18.184803
48673,22.90411
48674,41.305122
48675,23.163492
48676,71.54691
48677,42.105118
48678,46.24037
48679,5.5421352
48680,2.73163
48681,38.456215
48682,39.609436
48683,71.96549
48684,21.43492
48685,72.43253
48686,5.474498
48687,13.493102
48688,34.123745
48689,42.96065
48690,58.157616
48691,57.23598
48692,69.06136
48693,42.933014
48694,30.265587
48695,79.958244
48696,69.45905
48697,52.158127
48698,75.58342
48699,1.7672366
48700,72.49241
48701,64.25627
48702,66.456535
48703,45.914436
48704,62.321342
48705,61.624172
48706,36.484715
48707,4.7154665
48708,4.325096
48709,2.3048
48710,30.92231
48711,1.7894025
48712,4.2522364
48713,21.346294
48714,30.028488
48715,8.592112
48716,5.1031823
48717,46.416008
48718,38.30453
48719,50.11053
48720,57.564827
48721,60.21746
48722,75.094444
48723,15.407046
48724,60.57016
48725,41.129986
48726,71.07508
48727,24.215508
48728,1.588311
48729,41.67704
48730,58.20343
48731,5.754634
48732,4.9115543
48733,1.9916723
48734,22.377453
48735,30.020988
48736,33.933975
48737,20.741636
48738,53.857735
48739,15.497302
48740,8.484813
48741,73.53838
48742,20.369022
48743,42.58425
48744,44.60534
48745,1.6687915
48746,36.602062
48747,5.83401
48748,42.764828
48749,11.250836
48750,60.03107
48751,51.34555
48752,9.314743
48753,12.357282
48754,72.31953
48755,1.8349094
48756,1.588311
48757,37.27003
48758,2.3686776
48759,34.670937
48760,56.740593
48761,36.137787
48762,14.438619
48763,62.48217
48764,52.849586
48765,10.897065
48766,21.790262
48767,8.362176
48768,35.72044
48769,40.100334
48770,51.498436
48771,17.10829
48772,56.107212
48773,69.16662
48774,27.042412
48775,10.353204
48776,16.730593
48777,65.43144
48778,38.15178
48779,48.235703
48780,59.833817
48781,32.694054
48782,59.48802
48783,43.679253
48784,63.8503
48785,43.770092
48786,9.287104
48787,48.618217
48788,35.363922
48789,54.792908
48790,54.06505
48791,28.67574
48792,61.459015
48793,64.63677
48794,34.585403
48795,31.702843
48796,1.588311
48797,64.860985
48798,21.86809
48799,35.679802
48800,33.669647
48801,5.656768
48802,43.626255
48803,71.19966
48804,71.31135
48805,30.356556
48806,40.209366
48807,51.2836
48808,59.52156
48809,24.02861
48810,40.992813
48811,76.96613
48812,36.86307
48813,53.953163
48814,36.120216
48815,69.28102
48816,14.625054
48817,37.156975
48818,56.778328
48819,59.85897
48820,74.00623
48821,43.151283
48822,75.775444
48823,76.55984
48824,52.86207
48825,57.457794
48826,14.927115
48827,53.778442
48828,71.00438
48829,48.00311
48830,51.318565
48831,33.971897
48832,37.209602
48833,3.5105438
48834,49.87622
48835,67.34892
48836,7.109782
48837,3.0756176
48838,27.630455
48839,2.6815782
48840,51.725742
48841,10.046393
48842,15.23857
48843,13.090102
48844,10.700269
48845,22.79495
48846,38.169235
48847,25.272228
48848,8.383466
48849,55.81115
48850,71.314735
48851,30.25013
48852,33.640293
48853,68.830765
48854,4.566555
48855,39.70668
48856,46.56317
48857,18.32743
48858,47.856445
48859,12.897893
48860,74.62152
48861,36.813
48862,52.808273
48863,26.583931
48864,65.2628
48865,65.72871
48866,45.650574
48867,69.95718
48868,21.408669
48869,22.129595
48870,48.612007
48871,58.58296
48872,1.8956666
48873,60.103172
48874,30.07423
48875,10.292569
48876,25.86715
48877,31.910912
48878,15.834655
48879,26.435318
48880,68.03121
48881,49.479836
48882,14.512582
48883,46.889526
48884,39.73636
48885,39.46926
48886,52.916245
48887,61.56076
48888,56.529984
48889,9.354319
48890,13.467999
48891,21.04226
48892,64.74778
48893,23.950226
48894,34.756256
48895,7.5673466
48896,58.559395
48897,63.02467
48898,15.883046
48899,54.241623
48900,71.498985
48901,17.443275
48902,47.53913
48903,43.212994
48904,62.017212
48905,27.976982
48906,16.217022
48907,55.07903
48908,7.913582
48909,40.92329
48910,14.359761
48911,52.821526
48912,23.97948
48913,10.296645
48914,53.932507
48915,60.554306
48916,27.165012
48917,14.578427
48918,62.608772
48919,57.37795
48920,59.17151
48921,47.285736
48922,73.33647
48923,48.23121
48924,6.9893875
48925,14.487008
48926,43.469006
48927,70.48458
48928,4.3315687
48929,63.917267
48930,52.378967
48931,50.006973
48932,63.382668
48933,46.888733
48934,54.98697
48935,57.758656
48936,34.37559
48937,55.72696
48938,71.06249
48939,55.32728
48940,63.766342
48941,26.65271
48942,16.233768
48943,61.670273
48944,52.746048
48945,3.538219
48946,36.511196
48947,35.18567
48948,39.27745
48949,71.08677
48950,56.146957
48951,71.14314
48952,28.603704
48953,9.2061
48954,28.878576
48955,68.98725
48956,44.295853
48957,44.216095
48958,15.4477
48959,28.143757
48960,36.417236
48961,64.08316
48962,10.322244
48963,35.79595
48964,24.022522
48965,79.75708
48966,5.2570305
48967,32.911114
48968,20.559814
48969,68.43772
48970,6.09906
48971,20.624653
48972,10.385032
48973,51.38027
48974,41.701843
48975,24.533262
48976,7.01414
48977,13.569186
48978,26.947128
48979,51.568695
48980,71.42574
48981,36.183945
48982,29.991783
48983,69.71488
48984,55.74734
48985,64.89334
48986,33.86962
48987,22.760853
48988,1.9195778
48989,45.253376
48990,27.857061
48991,38.3027
48992,75.661354
48993,35.297028
48994,34.985435
48995,21.736145
48996,28.696674
48997,46.94812
48998,71.920006
48999,41.68885
49000,11.469689
49001,52.326775
49002,61.00834
49003,9.712254
49004,24.911926
49005,50.0053
49006,11.60472
49007,9.962433
49008,66.09058
49009,70.251274
49010,56.608635
49011,3.3683963
49012,14.868702
49013,50.890953
49014,50.767338
49015,16.425802
49016,36.30514
49017,39.5317
49018,8.99579
49019,38.38137
49020,44.830433
49021,10.347467
49022,19.466316
49023,68.23495
49024,12.825755
49025,41.486748
49026,53.500694
49027,69.767
49028,14.975537
49029,12.667898
49030,69.53327
49031,19.868153
49032,19.73196
49033,62.20741
49034,38.54088
49035,3.304367
49036,15.369812
49037,43.58452
49038,57.33249
49039,76.229866
49040,70.80177
49041,17.034828
49042,58.267624
49043,11.722541
49044,28.00533
49045,45.891983
49046,59.93354
49047,43.898758
49048,31.116364
49049,17.547867
49050,70.41851
49051,24.32245
49052,13.36255
49053,67.40978
49054,7.357151
49055,20.49598
49056,40.704967
49057,30.191452
49058,13.696592
49059,41.370872
49060,21.628849
49061,60.803726
49062,21.849024
49063,61.302223
49064,47.99626
49065,28.551983
49066,6.4752235
49067,2.238058
49068,26.062916
49069,36.42298
49070,24.682804
49071,65.565865
49072,13.537065
49073,28.343552
49074,59.297096
49075,75.56839
49076,41.925224
49077,67.29751
49078,55.21447
49079,61.782127
49080,4.3790846
49081,19.928339
49082,59.063957
49083,31.428127
49084,1.6619337
49085,61.75238
49086,1.588311
49087,41.58372
49088,50.770515
49089,10.970159
49090,68.43173
49091,68.09758
49092,67.3187
49093,75.43592
49094,77.73981
49095,52.395584
49096,71.72727
49097,1.8870608
49098,63.211998
49099,8.418056
49100,52.606583
49101,40.569595
49102,1.7437714
49103,66.06641
49104,52.552666
49105,23.32761
49106,11.921891
49107,31.012836
49108,22.272348
49109,36.571632
49110,24.498974
49111,18.002851
49112,27.14059
49113,15.0581665
49114,66.17242
49115,10.175534
49116,73.434715
49117,72.48344
49118,57.156548
49119,10.688476
49120,25.145021
49121,30.222357
49122,63.679993
49123,72.22927
49124,17.225824
49125,63.44445
49126,16.479828
49127,49.42212
49128,51.14801
49129,34.13802
49130,58.89259
49131,66.74441
49132,73.65667
49133,31.107367
49134,47.648003
49135,68.23779
49136,54.99022
49137,19.16886
49138,41.772675
49139,59.251404
49140,4.037402
49141,70.63209
49142,1.7146786
49143,57.384483
49144,11.199528
49145,43.05211
49146,1.6344887
49147,61.254547
49148,33.57765
49149,40.48784
49150,3.5009673
49151,32.50592
49152,3.5535445
49153,66.22943
49154,21.124908
49155,45.880043
49156,37.05269
49157,61.384666
49158,26.39228
49159,26.134247
49160,75.275406
49161,16.719233
49162,3.5451632
49163,20.819056
49164,45.972992
49165,9.780068
49166,68.492905
49167,3.6880767
49168,65.28131
49169,44.83074
49170,70.07111
49171,4.770746
49172,14.483706
49173,50.309994
49174,26.145638
49175,1.626535
49176,68.19804
49177,6.6468496
49178,9.713605
49179,32.517582
49180,21.322502
49181,50.17102
49182,61.7417
49183,58.2034
49184,5.444559
49185,57.994606
49186,20.194004
49187,43.936497
49188,18.857944
49189,52.759018
49190,33.374775
49191,44.655586
49192,39.666096
49193,46.418472
49194,23.290707
49195,11.450371
49196,43.630398
49197,40.614525
49198,14.038125
49199,34.14129
49200,42.13967
49201,56.666702
49202,75.37555
49203,27.6586
49204,32.14527
49205,35.47431
49206,37.91075
49207,42.985535
49208,1.6508654
49209,46.13067
49210,58.812695
49211,34.7913
49212,63.56601
49213,13.149619
49214,54.49701
49215,34.53383
49216,8.641066
49217,27.087038
49218,44.66339
49219,1.9003162
49220,62.34984
49221,1.6515507
49222,9.522023
49223,19.248089
49224,59.01786
49225,61.495117
49226,7.080805
49227,57.607536
49228,38.770477
49229,11.616977
49230,1.6301924
49231,17.997917
49232,22.747272
49233,55.512207
49234,21.000946
49235,53.265327
49236,1.588311
49237,23.474781
49238,66.39208
49239,61.15613
49240,43.13612
49241,1.701929
49242,7.838481
49243,38.75684
49244,43.77173
49245,1.588311
49246,55.708878
49247,71.71813
49248,52.913788
49249,34.291054
49250,42.87467
49251,37.85665
49252,70.60679
49253,51.56676
49254,22.212362
49255,35.333977
49256,72.53408
49257,30.21509
49258,62.55388
49259,61.473896
49260,76.022255
49261,70.92446
49262,65.29482
49263,36.76331
49264,47.908566
49265,45.141506
49266,4.2716436
49267,14.107712
49268,59.33866
49269,38.046165
49270,71.01646
49271,17.290613
49272,29.829342
49273,8.754578
49274,51.168064
49275,41.26986
49276,1.588311
49277,34.3094
49278,40.76549
49279,61.14216
49280,1.588311
49281,20.782267
49282,60.342464
49283,17.508059
49284,1.6136237
49285,53.75487
49286,57.53695
49287,77.900085
49288,12.150852
49289,56.70086
49290,35.112724
49291,43.33428
49292,51.891483
49293,44.950397
49294,69.053856
49295,41.342136
49296,66.335396
49297,45.87067
49298,3.716316
49299,57.789814
49300,8.897037
49301,36.436825
49302,62.16392
49303,29.367363
49304,36.349335
49305,8.5230055
49306,35.61522
49307,15.15908
49308,64.949326
49309,72.362236
49310,7.778102
49311,5.496105
49312,53.615334
49313,10.992369
49314,66.75546
49315,33.91761
49316,60.89582
49317,40.30644
49318,57.527157
49319,50.17605
49320,52.86129
49321,10.702752
49322,4.767722
49323,38.302345
49324,71.06051
49325,30.182693
49326,28.651398
49327,45.743958
49328,24.87055
49329,15.622646
49330,43.739933
49331,16.442486
49332,34.325348
49333,36.55743
49334,50.101227
49335,11.728809
49336,66.822624
49337,38.59092
49338,54.196396
49339,6.137066
49340,64.68717
49341,31.54152
49342,24.01175
49343,22.319815
49344,23.615904
49345,32.73492
49346,50.81469
49347,17.6193
49348,29.00803
49349,64.03959
49350,60.20194
49351,59.808777
49352,26.884462
49353,51.653503
49354,43.13543
49355,59.675648
49356,12.9037075
49357,21.77435
49358,59.20256
49359,36.36602
49360,51.885513
49361,64.250626
49362,19.591276
49363,42.103104
49364,6.245123
49365,50.69135
49366,59.89564
49367,41.74134
49368,63.035713
49369,23.528872
49370,54.094177
49371,79.094215
49372,60.533638
49373,60.153915
49374,4.0450754
49375,24.229107
49376,8.989555
49377,41.676376
49378,31.11409
49379,52.443542
49380,9.451181
49381,35.595276
49382,42.99262
49383,17.162321
49384,68.07504
49385,42.930412
49386,23.483006
49387,41.11434
49388,43.024803
49389,54.25408
49390,38.55005
49391,50.694077
49392,3.4516563
49393,1.588311
49394,41.310314
49395,55.1939
49396,53.671356
49397,1.5894392
49398,3.395238
49399,42.95681
49400,36.607605
49401,2.3058927
49402,10.871915
49403,65.68206
49404,65.48478
49405,8.578339
49406,72.16154
49407,53.51763
49408,46.65789
49409,55.03304
49410,6.0932903
49411,3.1714263
49412,2.6301644
49413,66.66454
49414,51.098663
49415,44.15558
49416,44.469147
49417,44.32953
49418,49.192924
49419,22.842173
49420,61.89023
49421,7.59828
49422,36.678314
49423,34.400715
49424,6.5775633
49425,1.5961804
49426,70.090065
49427,61.90259
49428,22.02356
49429,70.80076
49430,68.4544
49431,16.865108
49432,63.272095
49433,33.892387
49434,50.380226
49435,52.745277
49436,25.389927
49437,65.100655
49438,22.30539
49439,59.792656
49440,62.150322
49441,1.6415141
49442,33.646233
49443,25.055668
49444,21.361725
49445,40.462013
49446,8.336909
49447,1.588311
49448,58.568962
49449,14.008424
49450,8.727885
49451,69.00975
49452,15.744906
49453,9.727704
49454,50.798264
49455,6.473689
49456,65.11022
49457,30.020678
49458,73.888985
49459,7.2921076
49460,67.30505
49461,42.201256
49462,74.0692
49463,18.194859
49464,40.24375
49465,76.943695
49466,32.466057
49467,47.821747
49468,24.27435
49469,72.136024
49470,2.9732404
49471,35.473236
49472,2.0448728
49473,62.189484
49474,78.72221
49475,3.353024
49476,18.370903
49477,21.968979
49478,48.95803
49479,22.208363
49480,33.844017
49481,49.87793
49482,48.211876
49483,20.46821
49484,10.13123
49485,65.68265
49486,11.554644
49487,64.91451
49488,24.001484
49489,3.843362
49490,63.20826
49491,44.05819
49492,33.050316
49493,40.48958
49494,21.188427
49495,26.299835
49496,33.707184
49497,50.690327
49498,56.711815
49499,41.942993
49500,59.96102
49501,55.180977
49502,37.512314
49503,19.038708
49504,3.0267093
49505,28.488585
49506,32.224266
49507,52.462616
49508,35.104706
49509,69.98467
49510,77.29177
49511,59.117085
49512,70.500275
49513,72.746376
49514,60.97034
49515,56.204166
49516,27.148212
49517,33.612656
49518,67.72152
49519,35.133194
49520,66.05889
49521,31.543404
49522,17.112703
49523,61.920902
49524,32.951324
49525,5.994914
49526,12.122998
49527,29.64862
49528,40.010002
49529,35.088783
49530,44.131435
49531,9.897169
49532,34.27375
49533,61.700325
49534,11.31487
49535,54.939144
49536,46.40103
49537,73.985985
49538,29.509655
49539,20.713768
49540,24.614927
49541,70.700294
49542,70.11178
49543,45.061108
49544,17.100645
49545,62.206207
49546,10.945891
49547,7.9388676
49548,61.365597
49549,10.933706
49550,45.269825
49551,72.22673
49552,47.943844
49553,17.243017
49554,20.41214
49555,28.87804
49556,4.1039834
49557,26.373291
49558,56.055367
49559,46.871933
49560,71.72495
49561,48.77744
49562,42.350723
49563,67.99908
49564,69.38683
49565,1.6544273
49566,13.602513
49567,55.757294
49568,48.515457
49569,65.52547
49570,57.710487
49571,9.1708555
49572,76.2055
49573,68.594574
49574,68.45402
49575,7.512721
49576,71.09051
49577,57.02027
49578,58.905132
49579,31.989548
49580,51.44587
49581,73.47424
49582,18.830967
49583,27.071486
49584,56.350456
49585,64.79793
49586,7.683794
49587,25.681564
49588,2.0166774
49589,21.643478
49590,60.07264
49591,46.26465
49592,44.60894
49593,12.412105
49594,1.9655674
49595,74.00713
49596,29.862804
49597,26.34003
49598,9.489308
49599,21.452965
49600,36.79893
49601,38.304123
49602,54.910538
49603,10.7401
49604,1.6361339
49605,1.6059097
49606,2.6378014
49607,56.196358
49608,57.752346
49609,39.945072
49610,72.73072
49611,3.5619648
49612,31.980255
49613,72.08083
49614,7.2646494
49615,23.754982
49616,25.59865
49617,65.004524
49618,41.99541
49619,24.819801
49620,24.452072
49621,37.429916
49622,44.204544
49623,16.682112
49624,76.725075
49625,9.073767
49626,37.195274
49627,63.86163
49628,48.9069
49629,37.87027
49630,64.82029
49631,21.300503
49632,34.211575
49633,75.38654
49634,36.45029
49635,17.328274
49636,65.15471
49637,41.266113
49638,34.459114
49639,77.26972
49640,12.2152815
49641,52.228672
49642,31.530577
49643,39.835472
49644,74.64806
49645,16.378164
49646,58.11777
49647,4.0283403
49648,23.272366
49649,5.455929
49650,60.667076
49651,26.152956
49652,73.6593
49653,63.870754
49654,46.389874
49655,69.265114
49656,42.977535
49657,24.83687
49658,56.18126
49659,5.9617004
49660,6.1829634
49661,28.020863
49662,1.7203543
49663,52.96058
49664,57.288292
49665,50.106705
49666,38.77483
49667,21.341797
49668,63.870457
49669,68.53794
49670,72.12148
49671,55.830196
49672,3.955911
49673,1.588311
49674,43.97819
49675,25.303577
49676,21.659077
49677,14.407009
49678,70.24013
49679,21.940744
49680,55.30237
49681,25.890892
49682,58.030594
49683,55.25963
49684,1.588311
49685,1.9228871
49686,28.384996
49687,1.9476837
49688,2.490676
49689,2.9515717
49690,3.412153
49691,32.0946
49692,41.757477
49693,45.10181
49694,3.945306
49695,34.674553
49696,38.8096
49697,60.640167
49698,48.894997
49699,31.042185
49700,43.699936
49701,1.8014102
49702,1.8267567
49703,10.776229
49704,59.822113
49705,23.418411
49706,12.02761
49707,12.108124
49708,21.854864
49709,68.55212
49710,27.712782
49711,71.190285
49712,62.71923
49713,39.552757
49714,31.824804
49715,9.134284
49716,64.51454
49717,47.900753
49718,5.5695467
49719,69.61995
49720,17.019585
49721,54.232536
49722,67.407326
49723,45.276184
49724,33.83373
49725,39.664536
49726,33.54539
49727,20.693653
49728,3.5172095
49729,65.430916
49730,52.213676
49731,68.28561
49732,65.25946
49733,50.126472
49734,28.452145
49735,53.5888
49736,65.76566
49737,3.401993
49738,19.975363
49739,43.41468
49740,42.226746
49741,36.886017
49742,1.588311
49743,60.038162
49744,66.97094
49745,68.02656
49746,10.836839
49747,76.20205
49748,46.425434
49749,13.719399
49750,30.846138
49751,12.072835
49752,11.421505
49753,56.936024
49754,10.65112
49755,63.253147
49756,60.8982
49757,27.560537
49758,16.418203
49759,69.5982
49760,66.95176
49761,65.555046
49762,37.964268
49763,15.933213
49764,68.81255
49765,63.992424
49766,21.758503
49767,12.190078
49768,1.6397676
49769,60.21463
49770,4.530328
49771,61.40086
49772,72.58411
49773,27.590595
49774,21.736265
49775,48.304947
49776,28.753836
49777,65.45475
49778,44.969414
49779,8.338134
49780,53.64865
49781,46.515396
49782,54.348717
49783,29.592346
49784,27.265087
49785,69.812065
49786,22.563091
49787,2.0091016
49788,25.554638
49789,10.253219
49790,70.902855
49791,17.784641
49792,74.21914
49793,51.33093
49794,41.56449
49795,63.133877
49796,34.81772
49797,1.588311
49798,31.836094
49799,38.304996
49800,50.70997
49801,14.668862
49802,25.838903
49803,51.89689
49804,23.079708
49805,63.69091
49806,71.38582
49807,55.18231
49808,22.946066
49809,3.7804365
49810,41.89065
49811,2.0416062
49812,45.672386
49813,23.13002
49814,55.461872
49815,27.94294
49816,40.425976
49817,55.87862
49818,71.22568
49819,16.082335
49820,62.631065
49821,34.507317
49822,52.0651
49823,63.11647
49824,11.625874
49825,25.063908
49826,54.99194
49827,38.36476
49828,53.217133
49829,19.112907
49830,53.026962
49831,28.415276
49832,6.057596
49833,14.827157
49834,65.90046
49835,60.549072
49836,43.56464
49837,5.5410376
49838,13.328509
49839,10.13129
49840,46.47734
49841,26.289284
49842,1.6288828
49843,61.43207
49844,72.23528
49845,24.967915
49846,56.713844
49847,7.474372
49848,43.69815
49849,71.88741
49850,31.081291
49851,40.57711
49852,13.907555
49853,10.347288
49854,56.58673
49855,57.767845
49856,73.80171
49857,71.735695
49858,61.82888
49859,60.587288
49860,13.346547
49861,36.1028
49862,25.716156
49863,16.449194
49864,24.912624
49865,2.6689703
49866,52.613213
49867,69.30831
49868,1.8898802
49869,75.74677
49870,71.11735
49871,19.13522
49872,62.52932
49873,32.77423
49874,60.025536
49875,17.059381
49876,1.7801507
49877,42.0239
49878,36.363792
49879,23.515785
49880,64.45071
49881,13.514056
49882,26.040375
49883,14.512576
49884,16.166998
49885,40.294918
49886,35.0849
49887,31.24089
49888,1.588311
49889,49.656273
49890,38.90473
49891,62.978233
49892,56.383377
49893,3.8062482
49894,34.01287
49895,6.590152
49896,4.2461586
49897,55.15853
49898,60.85685
49899,71.73229
49900,72.699104
49901,61.8659
49902,1.7421582
49903,3.913426
49904,33.305893
49905,73.24833
49906,64.66816
49907,24.500721
49908,52.20228
49909,8.519607
49910,17.763203
49911,74.80071
49912,38.67826
49913,49.325844
49914,1.588311
49915,46.487503
49916,51.163536
49917,62.64559
49918,71.23841
49919,68.92182
49920,62.104378
49921,35.3182
49922,63.17146
49923,74.20815
49924,25.004423
49925,55.67018
49926,23.589022
49927,8.646403
49928,8.105657
49929,18.07586
49930,66.42145
49931,13.234725
49932,38.90231
49933,57.53643
49934,49.11319
49935,57.252453
49936,50.148903
49937,2.2728722
49938,5.033057
49939,51.415405
49940,7.3321037
49941,72.23285
49942,23.161861
49943,67.198074
49944,50.66815
49945,66.64231
49946,67.41832
49947,74.03878
49948,42.095512
49949,1.6306088
49950,33.457317
49951,71.815956
49952,34.754097
49953,36.194584
49954,70.08265
49955,63.328682
49956,69.217834
49957,27.051292
49958,38.294647
49959,8.018386
49960,48.740585
49961,3.3074322
49962,44.473152
49963,63.70323
49964,19.729218
49965,4.3775296
49966,18.474003
49967,1.8565555
49968,16.62507
49969,68.614265
49970,42.88742
49971,61.361137
49972,28.293358
49973,66.49668
49974,34.781963
49975,38.103012
49976,53.314026
49977,30.447823
49978,14.727594
49979,13.734377
49980,32.03199
49981,1.588311
49982,74.30093
49983,38.56446
49984,32.96541
49985,52.90239
49986,24.523556
49987,80.46229
49988,56.038063
49989,43.181835
49990,14.3415365
49991,60.81444
49992,21.874247
49993,64.35953
49994,1.6336312
49995,69.10671
49996,36.00888
49997,53.43582
49998,69.6728
49999,24.611187
50000,35.20217
